pathway,n_genes,size
c_1,6169,46893
c_10,880,7167
c_100,4469,33755
c_1000,3438,26320
c_1001,5960,45105
c_1002,1090,8842
c_1003,5373,41361
c_1004,5890,44688
c_1005,5029,38623
c_1006,5745,44279
c_1007,3332,26035
c_1008,668,5261
c_1009,2055,16577
c_101,1021,8044
c_1010,4501,33962
c_1011,3612,27606
c_1012,3597,28277
c_1013,5070,39406
c_1014,4268,33330
c_1015,6107,46820
c_1016,4464,34594
c_1017,531,4320
c_1018,3652,27752
c_1019,2260,17456
c_102,3556,27558
c_1020,2758,21453
c_1021,3892,30152
c_1022,5885,45253
c_1023,6337,47969
c_1024,977,7523
c_1025,4566,34640
c_1026,147,1219
c_1027,1156,8982
c_1028,2795,21737
c_1029,2041,15544
c_103,5884,45574
c_1030,2652,20662
c_1031,6174,46946
c_1032,2142,16660
c_1033,5614,43476
c_1034,5186,39470
c_1035,5584,43082
c_1036,805,6592
c_1037,5675,43038
c_1038,4313,33871
c_1039,1419,10937
c_104,5560,41906
c_1040,2806,21643
c_1041,2065,16563
c_1042,5291,40551
c_1043,1933,14929
c_1044,5629,43189
c_1045,921,7315
c_1046,5293,41021
c_1047,202,1470
c_1048,5031,39382
c_1049,3104,23768
c_105,3963,30447
c_1050,3260,25520
c_1051,42,324
c_1052,2485,19278
c_1053,720,5622
c_1054,4585,35604
c_1055,1166,9478
c_1056,192,1544
c_1057,4663,35379
c_1058,6378,48527
c_1059,294,2284
c_106,1190,9099
c_1060,5871,45115
c_1061,5531,42392
c_1062,4514,34370
c_1063,3511,26909
c_1064,2348,18050
c_1065,4954,37961
c_1066,605,4859
c_1067,1852,14008
c_1068,5528,41783
c_1069,6312,48548
c_107,1552,12340
c_1070,2076,15957
c_1071,1901,14837
c_1072,5359,40810
c_1073,1013,8278
c_1074,2828,21612
c_1075,2286,18237
c_1076,4282,33024
c_1077,3442,26878
c_1078,432,3340
c_1079,1475,11423
c_108,4672,35567
c_1080,4068,31741
c_1081,957,7333
c_1082,4089,31968
c_1083,3649,28006
c_1084,6370,49055
c_1085,3269,25385
c_1086,6384,48581
c_1087,921,7580
c_1088,5454,41501
c_1089,6027,46067
c_109,2748,21029
c_1090,1833,14308
c_1091,1293,10480
c_1092,905,7000
c_1093,5042,38603
c_1094,1747,13424
c_1095,4216,32667
c_1096,205,1562
c_1097,45,284
c_1098,2646,20950
c_1099,4087,31570
c_11,3063,23778
c_110,3528,26723
c_1100,4538,34551
c_1101,1421,11283
c_1102,5921,45164
c_1103,4129,32216
c_1104,1985,15145
c_1105,3137,24125
c_1106,4729,36264
c_1107,163,1306
c_1108,5554,43095
c_1109,97,858
c_111,3677,28872
c_1110,4519,34954
c_1111,5183,39494
c_1112,2565,19955
c_1113,4757,36810
c_1114,4058,31060
c_1115,3577,27774
c_1116,4743,36233
c_1117,3277,25356
c_1118,2471,19437
c_1119,1589,12221
c_112,3598,27255
c_1120,1497,11449
c_1121,397,3278
c_1122,4049,31367
c_1123,2975,23610
c_1124,3025,23383
c_1125,291,2197
c_1126,1861,14435
c_1127,1206,9395
c_1128,2678,20942
c_1129,5071,39079
c_113,5645,42907
c_1130,5892,45738
c_1131,4235,32772
c_1132,1890,15081
c_1133,5133,39442
c_1134,934,7126
c_1135,4492,34379
c_1136,4438,34300
c_1137,1962,14889
c_1138,4118,32258
c_1139,4269,32834
c_114,2262,17710
c_1140,4779,36318
c_1141,571,4459
c_1142,3201,25144
c_1143,2200,16971
c_1144,410,3122
c_1145,212,1892
c_1146,6088,47015
c_1147,1149,9079
c_1148,60,492
c_1149,117,872
c_115,4332,33183
c_1150,5424,41285
c_1151,2314,17908
c_1152,4013,30725
c_1153,3735,29139
c_1154,3088,24378
c_1155,752,5675
c_1156,1021,8221
c_1157,1375,10796
c_1158,2217,17276
c_1159,4543,34946
c_116,2178,16783
c_1160,1685,13158
c_1161,3582,27481
c_1162,2535,19551
c_1163,1927,15238
c_1164,2254,17881
c_1165,4273,32800
c_1166,5829,45151
c_1167,296,2294
c_1168,6142,46952
c_1169,6269,48105
c_117,6176,47494
c_1170,3211,24714
c_1171,2830,22107
c_1172,6075,46777
c_1173,3768,28714
c_1174,5725,43232
c_1175,1162,9007
c_1176,4214,32356
c_1177,2994,23114
c_1178,306,2142
c_1179,268,1980
c_118,1552,12330
c_1180,468,3467
c_1181,6424,47941
c_1182,2864,21765
c_1183,3079,24133
c_1184,5715,43119
c_1185,3293,25278
c_1186,5866,45648
c_1187,275,2406
c_1188,5940,45744
c_1189,5069,39252
c_119,4286,32435
c_1190,5767,43771
c_1191,4901,37415
c_1192,6096,47198
c_1193,3867,28857
c_1194,1568,11901
c_1195,4417,34133
c_1196,3594,28176
c_1197,6086,46398
c_1198,142,1174
c_1199,3439,27040
c_12,4629,35558
c_120,911,7230
c_1200,2761,21651
c_1201,1579,11797
c_1202,5076,38418
c_1203,651,5400
c_1204,4745,36994
c_1205,6451,48951
c_1206,3692,28837
c_1207,4362,33203
c_1208,3843,29512
c_1209,797,6067
c_121,315,2290
c_1210,2301,18026
c_1211,1349,10611
c_1212,6187,47509
c_1213,2921,22734
c_1214,2849,22805
c_1215,1072,8360
c_1216,5121,39885
c_1217,452,3470
c_1218,376,2852
c_1219,2342,18054
c_122,5517,42451
c_1220,4518,35364
c_1221,4088,32181
c_1222,2548,20319
c_1223,3077,24068
c_1224,6241,47145
c_1225,478,3736
c_1226,2196,17094
c_1227,6332,47381
c_1228,89,706
c_1229,2215,16949
c_123,4123,32320
c_1230,4849,37317
c_1231,1534,11956
c_1232,443,3410
c_1233,1663,13303
c_1234,3075,23940
c_1235,2629,20296
c_1236,161,1357
c_1237,3406,25751
c_1238,4428,33855
c_1239,954,7691
c_124,5398,41343
c_1240,5551,42791
c_1241,2988,23453
c_1242,3968,30740
c_1243,1892,15188
c_1244,6010,46663
c_1245,2749,21163
c_1246,3745,28840
c_1247,2718,21271
c_1248,5154,39752
c_1249,68,437
c_125,2231,17271
c_1250,4148,31875
c_1251,4740,36245
c_1252,3375,26210
c_1253,1128,8657
c_1254,4680,35815
c_1255,690,5700
c_1256,2857,22072
c_1257,2154,16405
c_1258,1635,12546
c_1259,2545,19868
c_126,1507,11815
c_1260,5976,45497
c_1261,418,3117
c_1262,4094,31026
c_1263,6152,47329
c_1264,6281,48396
c_1265,694,5399
c_1266,3639,27866
c_1267,4275,32575
c_1268,57,445
c_1269,5704,44044
c_127,3341,26024
c_1270,6476,49249
c_1271,1431,11121
c_1272,5302,41256
c_1273,5456,41787
c_1274,1270,10049
c_1275,5286,40717
c_1276,2182,17027
c_1277,1328,10279
c_1278,3,16
c_1279,3744,29630
c_128,4054,31285
c_1280,1950,15167
c_1281,5303,40318
c_1282,5585,43010
c_1283,216,1623
c_1284,1520,12096
c_1285,4549,34842
c_1286,778,6144
c_1287,1183,8745
c_1288,2312,17737
c_1289,4328,32936
c_129,5387,41396
c_1290,3747,28607
c_1291,5052,39301
c_1292,817,6106
c_1293,4609,35398
c_1294,4288,32729
c_1295,1736,13869
c_1296,3391,26332
c_1297,883,6909
c_1298,2089,15747
c_1299,71,526
c_13,4015,30365
c_130,1328,10600
c_1300,247,1867
c_1301,1286,10018
c_1302,5836,44904
c_1303,5649,43393
c_1304,3790,29191
c_1305,528,4412
c_1306,5271,40526
c_1307,251,1874
c_1308,2547,19843
c_1309,3488,27210
c_131,1058,8622
c_1310,5410,41615
c_1311,4872,37368
c_1312,3102,23217
c_1313,4188,31983
c_1314,5252,40305
c_1315,5176,40447
c_1316,6431,49120
c_1317,5063,39768
c_1318,3108,24129
c_1319,1815,14066
c_132,5745,43366
c_1320,1640,13148
c_1321,3769,29217
c_1322,243,1903
c_1323,2108,16200
c_1324,2296,18399
c_1325,1057,8396
c_1326,72,533
c_1327,1470,11583
c_1328,5683,44093
c_1329,1603,12425
c_133,1681,13454
c_1330,3702,28632
c_1331,217,1543
c_1332,1050,8634
c_1333,4764,37074
c_1334,2587,19932
c_1335,5691,44271
c_1336,1969,14976
c_1337,2052,16285
c_1338,774,6194
c_1339,1920,15698
c_134,1501,11859
c_1340,3649,27927
c_1341,4451,34373
c_1342,4122,31533
c_1343,702,5636
c_1344,23,175
c_1345,5517,42259
c_1346,2341,18078
c_1347,1400,10936
c_1348,4191,32139
c_1349,3267,25482
c_135,1133,9026
c_1350,3890,29926
c_1351,4091,31334
c_1352,6422,49157
c_1353,2483,19140
c_1354,2690,20686
c_1355,4241,33228
c_1356,695,5501
c_1357,5796,44781
c_1358,4622,35233
c_1359,286,2087
c_136,2297,18224
c_1360,1032,8191
c_1361,5584,42850
c_1362,4281,32898
c_1363,3224,24575
c_1364,3343,25732
c_1365,1952,15304
c_1366,6336,48819
c_1367,3290,25741
c_1368,1443,10729
c_1369,856,6692
c_137,930,7373
c_1370,806,6484
c_1371,2517,19752
c_1372,5261,40038
c_1373,6034,46202
c_1374,1347,10545
c_1375,498,3919
c_1376,5675,42850
c_1377,1713,12910
c_1378,968,7643
c_1379,121,1155
c_138,1885,15064
c_1380,6066,45949
c_1381,601,4956
c_1382,4754,37172
c_1383,1289,10164
c_1384,3630,28097
c_1385,175,1202
c_1386,2269,18054
c_1387,4213,33629
c_1388,262,1971
c_1389,4015,31096
c_139,1360,10498
c_1390,3235,25431
c_1391,887,6975
c_1392,255,1796
c_1393,955,7885
c_1394,4312,33517
c_1395,4853,37330
c_1396,6209,47724
c_1397,858,6473
c_1398,2786,22011
c_1399,1898,15146
c_14,5343,40563
c_140,2408,18397
c_1400,402,3030
c_1401,6183,47935
c_1402,2371,18378
c_1403,2398,18741
c_1404,4860,37957
c_1405,4553,34413
c_1406,476,3671
c_1407,803,6229
c_1408,5990,45605
c_1409,2872,22482
c_141,2600,20472
c_1410,2762,21800
c_1411,2980,23217
c_1412,748,5981
c_1413,1204,8980
c_1414,1051,8183
c_1415,5489,41996
c_1416,776,5987
c_1417,1020,7908
c_1418,3328,25924
c_1419,3368,26030
c_142,5370,41831
c_1420,1287,9612
c_1421,283,2359
c_1422,483,3976
c_1423,3810,29400
c_1424,456,3595
c_1425,3577,27448
c_1426,5087,39144
c_1427,5688,43270
c_1428,1702,12917
c_1429,3959,30810
c_143,4392,33936
c_1430,4103,31664
c_1431,3679,28313
c_1432,6436,48185
c_1433,995,7931
c_1434,694,5732
c_1435,3760,29484
c_1436,1275,10304
c_1437,2847,22322
c_1438,2445,18983
c_1439,1517,11696
c_144,2287,17929
c_1440,5951,44965
c_1441,1944,15144
c_1442,665,5073
c_1443,350,2836
c_1444,4733,35482
c_1445,4133,31360
c_1446,3544,27682
c_1447,1620,12835
c_1448,1009,7641
c_1449,1649,12836
c_145,5741,44284
c_1450,4660,35559
c_1451,606,4830
c_1452,5878,44604
c_1453,3329,25586
c_1454,2743,21342
c_1455,686,5374
c_1456,6415,48933
c_1457,1298,10000
c_1458,2046,15998
c_1459,4923,38458
c_146,3846,29183
c_1460,2902,22264
c_1461,5504,42423
c_1462,3382,26393
c_1463,5511,42227
c_1464,3270,25271
c_1465,37,348
c_1466,4546,35385
c_1467,2980,23232
c_1468,3220,24862
c_1469,47,368
c_147,1871,14802
c_1470,125,1049
c_1471,5229,40209
c_1472,945,7218
c_1473,2429,19043
c_1474,2247,17747
c_1475,65,539
c_1476,3860,29561
c_1477,3742,29573
c_1478,5555,43077
c_1479,2071,16225
c_148,4486,34900
c_1480,4878,38418
c_1481,3452,27043
c_1482,1804,13912
c_1483,2286,18210
c_1484,5834,43727
c_1485,477,3801
c_1486,3688,28692
c_1487,1714,13356
c_1488,5881,44599
c_1489,1790,13948
c_149,4794,36785
c_1490,6400,48301
c_1491,2659,21179
c_1492,3446,26853
c_1493,3783,29270
c_1494,5183,39336
c_1495,3167,24237
c_1496,2028,15651
c_1497,1596,12408
c_1498,556,4096
c_1499,6212,47700
c_15,5443,42308
c_150,2906,22409
c_1500,922,6968
c_1501,5708,44129
c_1502,3221,25127
c_1503,1530,11818
c_1504,4165,32417
c_1505,2539,19863
c_1506,4324,33442
c_1507,4925,38182
c_1508,5038,38949
c_1509,5432,41953
c_151,2005,15310
c_1510,2330,18169
c_1511,5469,42244
c_1512,3982,30262
c_1513,4611,35596
c_1514,36,280
c_1515,572,4468
c_1516,416,3302
c_1517,3602,28009
c_1518,3687,28859
c_1519,239,1912
c_152,412,3147
c_1520,3257,25447
c_1521,739,5793
c_1522,2757,21867
c_1523,4314,33301
c_1524,4113,32075
c_1525,1000,7610
c_1526,3129,24008
c_1527,4331,33308
c_1528,1770,13907
c_1529,3846,29644
c_153,2461,19645
c_1530,886,7073
c_1531,6003,46232
c_1532,6461,48966
c_1533,1992,15802
c_1534,5808,44256
c_1535,1888,15083
c_1536,2700,21187
c_1537,309,2438
c_1538,2909,22247
c_1539,4304,32804
c_154,5688,43180
c_1540,2008,15897
c_1541,1500,11710
c_1542,1304,10011
c_1543,616,5092
c_1544,442,3339
c_1545,370,2896
c_1546,3066,23580
c_1547,3468,26905
c_1548,210,1886
c_1549,3971,30545
c_155,5972,45454
c_1550,1324,10142
c_1551,537,4342
c_1552,5184,39835
c_1553,5117,39319
c_1554,4003,31327
c_1555,4454,34574
c_1556,4423,34340
c_1557,4033,30642
c_1558,2186,17025
c_1559,2501,19444
c_156,1560,12321
c_1560,1142,9035
c_1561,4177,32392
c_1562,1137,8709
c_1563,3507,27880
c_1564,3037,24164
c_1565,320,2692
c_1566,1600,11948
c_1567,5452,42096
c_1568,3480,27101
c_1569,6367,48203
c_157,4958,38060
c_1570,4540,34278
c_1571,1739,13067
c_1572,4977,38360
c_1573,5055,39082
c_1574,2571,20306
c_1575,5945,45690
c_1576,4337,32899
c_1577,5159,39541
c_1578,3716,28550
c_1579,1555,12467
c_158,1144,9205
c_1580,1585,12219
c_1581,4031,31340
c_1582,914,7288
c_1583,6340,48637
c_1584,2667,20592
c_1585,833,6087
c_1586,3954,31017
c_1587,161,1252
c_1588,500,3810
c_1589,6086,46929
c_159,5769,44635
c_1590,1016,7861
c_1591,6260,48198
c_1592,2215,17724
c_1593,5384,41324
c_1594,5988,45152
c_1595,1936,15034
c_1596,5924,44870
c_1597,2884,22444
c_1598,5528,42009
c_1599,4903,37816
c_16,79,637
c_160,5577,43122
c_1600,821,6605
c_1601,787,6226
c_1602,343,2647
c_1603,2585,19943
c_1604,2280,17734
c_1605,414,3435
c_1606,1953,15156
c_1607,6310,47547
c_1608,6062,46790
c_1609,3173,25085
c_161,2236,17435
c_1610,111,887
c_1611,1747,14163
c_1612,2073,15526
c_1613,94,761
c_1614,5763,44389
c_1615,1792,13819
c_1616,143,1080
c_1617,271,2160
c_1618,653,5524
c_1619,757,5775
c_162,5224,40201
c_1620,3347,25222
c_1621,6331,48248
c_1622,5965,45471
c_1623,742,6014
c_1624,5594,42381
c_1625,829,6473
c_1626,4676,36544
c_1627,1556,12121
c_1628,4536,35136
c_1629,5745,43869
c_163,3505,27049
c_1630,2067,15741
c_1631,4420,33506
c_1632,2240,17139
c_1633,4352,33246
c_1634,4109,31442
c_1635,3741,29003
c_1636,4407,34397
c_1637,5785,44837
c_1638,5867,44668
c_1639,2842,22256
c_164,1275,10152
c_1640,3477,26707
c_1641,1486,11582
c_1642,1935,15360
c_1643,3254,24993
c_1644,2766,21115
c_1645,2104,15839
c_1646,3391,26653
c_1647,5284,41005
c_1648,187,1323
c_1649,822,6645
c_165,2346,18178
c_1650,6008,46542
c_1651,5191,40036
c_1652,3650,27815
c_1653,3628,28447
c_1654,4558,35417
c_1655,6324,48815
c_1656,4208,32196
c_1657,1431,11207
c_1658,1793,13515
c_1659,5728,43390
c_166,4730,36931
c_1660,320,2382
c_1661,92,638
c_1662,222,1778
c_1663,3637,27759
c_1664,2985,23331
c_1665,1132,8888
c_1666,382,2974
c_1667,5373,41467
c_1668,4803,37625
c_1669,254,1987
c_167,2669,20748
c_1670,899,6940
c_1671,920,7524
c_1672,4168,31990
c_1673,878,6811
c_1674,5011,38821
c_1675,496,3915
c_1676,1336,10963
c_1677,5570,42988
c_1678,3910,29852
c_1679,5041,39112
c_168,4647,35648
c_1680,5324,41380
c_1681,4948,38023
c_1682,4036,30836
c_1683,2175,17095
c_1684,945,7464
c_1685,4072,31692
c_1686,4152,31811
c_1687,3217,24868
c_1688,4344,33400
c_1689,2554,20062
c_169,1511,12207
c_1690,4472,35013
c_1691,5851,45532
c_1692,2446,18556
c_1693,6108,46807
c_1694,2863,22513
c_1695,5244,39959
c_1696,1148,8461
c_1697,2557,19748
c_1698,1542,12127
c_1699,1492,11653
c_17,2175,16998
c_170,1881,14242
c_1700,4068,32009
c_1701,1967,15035
c_1702,2249,17349
c_1703,286,2123
c_1704,2113,16415
c_1705,2766,21333
c_1706,3704,29062
c_1707,3694,29476
c_1708,3930,30678
c_1709,3511,27296
c_171,3239,25139
c_1710,4703,36636
c_1711,4931,37856
c_1712,5674,43642
c_1713,1533,11984
c_1714,5484,41969
c_1715,3015,23531
c_1716,4196,32256
c_1717,124,1069
c_1718,1370,10776
c_1719,5510,41847
c_172,6299,47877
c_1720,1242,9646
c_1721,3342,25591
c_1722,2228,17071
c_1723,339,2512
c_1724,932,7265
c_1725,982,7833
c_1726,6385,48956
c_1727,4023,31140
c_1728,5564,42570
c_1729,6153,46135
c_173,1589,12471
c_1730,2450,19137
c_1731,10,83
c_1732,3338,25925
c_1733,451,3308
c_1734,2891,21945
c_1735,3695,28554
c_1736,141,1308
c_1737,5139,38356
c_1738,621,4650
c_1739,1259,9987
c_174,2462,19152
c_1740,1641,13036
c_1741,686,5582
c_1742,5365,41345
c_1743,2491,19256
c_1744,6403,48943
c_1745,748,5876
c_1746,45,430
c_1747,3637,27742
c_1748,197,1572
c_1749,1933,15199
c_175,6013,45586
c_1750,6330,48146
c_1751,2334,18037
c_1752,4195,32332
c_1753,3764,29119
c_1754,1424,11034
c_1755,2599,20241
c_1756,6045,46126
c_1757,1021,7949
c_1758,5407,41678
c_1759,6092,46601
c_176,4149,31713
c_1760,6064,46492
c_1761,4857,37965
c_1762,5536,42524
c_1763,5279,41458
c_1764,4607,35155
c_1765,3145,24851
c_1766,159,1363
c_1767,4397,33498
c_1768,543,4333
c_1769,3125,24393
c_177,2015,15900
c_1770,3420,25820
c_1771,4145,31891
c_1772,5259,40319
c_1773,5041,38737
c_1774,6081,46875
c_1775,4097,31536
c_1776,3913,30567
c_1777,3926,30058
c_1778,5338,40542
c_1779,2036,16207
c_178,798,6419
c_1780,1404,11124
c_1781,4424,33100
c_1782,1284,10101
c_1783,575,4669
c_1784,3862,29750
c_1785,2023,16027
c_1786,5614,42698
c_1787,3480,27264
c_1788,4877,37851
c_1789,1307,10343
c_179,5419,41459
c_1790,3500,27450
c_1791,696,5079
c_1792,419,3329
c_1793,2308,17869
c_1794,423,3515
c_1795,3362,25881
c_1796,3227,25082
c_1797,3062,23864
c_1798,3186,24348
c_1799,5494,42251
c_18,872,6863
c_180,1867,14377
c_1800,2357,17825
c_1801,1480,11374
c_1802,182,1477
c_1803,1286,10120
c_1804,6272,47616
c_1805,4516,34909
c_1806,6385,49011
c_1807,1822,14188
c_1808,915,7373
c_1809,414,3248
c_181,998,7723
c_1810,2512,19938
c_1811,1319,10406
c_1812,181,1473
c_1813,5424,41361
c_1814,979,7781
c_1815,6201,46419
c_1816,5059,38801
c_1817,3670,28230
c_1818,4025,30624
c_1819,2536,19996
c_182,4533,35024
c_1820,1847,14854
c_1821,1573,12275
c_1822,3246,25043
c_1823,3349,25743
c_1824,5380,41864
c_1825,5799,44961
c_1826,5130,38986
c_1827,6271,48126
c_1828,407,3354
c_1829,1859,14233
c_183,5046,39296
c_1830,1940,15215
c_1831,3256,25237
c_1832,5923,44806
c_1833,6300,48437
c_1834,3040,23815
c_1835,1253,9697
c_1836,850,6548
c_1837,4638,35616
c_1838,874,6767
c_1839,4068,31554
c_184,3246,25112
c_1840,1712,13336
c_1841,5153,39695
c_1842,4264,33311
c_1843,3604,28158
c_1844,3837,29695
c_1845,4662,35990
c_1846,356,2787
c_1847,5362,41129
c_1848,4592,35319
c_1849,684,5457
c_185,4417,33628
c_1850,1853,14464
c_1851,4160,32191
c_1852,2571,19609
c_1853,4433,34797
c_1854,3249,25241
c_1855,781,6289
c_1856,5186,39414
c_1857,2446,18898
c_1858,5986,45043
c_1859,4101,31978
c_186,6225,47690
c_1860,5124,39775
c_1861,3168,24552
c_1862,2211,17254
c_1863,1867,14390
c_1864,1026,7772
c_1865,2205,16899
c_1866,1070,8297
c_1867,1211,9469
c_1868,799,6444
c_1869,3090,23874
c_187,3353,26384
c_1870,5621,42854
c_1871,4715,35915
c_1872,4957,37512
c_1873,1044,8159
c_1874,1873,14302
c_1875,974,7883
c_1876,1120,8648
c_1877,6182,47234
c_1878,1637,12591
c_1879,4451,33957
c_188,395,3053
c_1880,1728,13578
c_1881,5933,45326
c_1882,5199,39278
c_1883,3308,25543
c_1884,3535,26928
c_1885,1468,11555
c_1886,4491,35203
c_1887,3714,28690
c_1888,4825,36215
c_1889,6440,49413
c_189,4025,31602
c_1890,4133,31256
c_1891,4370,33794
c_1892,3651,28678
c_1893,78,580
c_1894,3193,24499
c_1895,4599,35530
c_1896,1860,14246
c_1897,4541,35092
c_1898,3049,23781
c_1899,5536,42524
c_19,3720,28901
c_190,1985,15303
c_1900,5199,39879
c_1901,4735,35667
c_1902,6288,48315
c_1903,1854,14975
c_1904,3186,24879
c_1905,5990,45843
c_1906,1982,16033
c_1907,512,4072
c_1908,6342,48421
c_1909,2852,22386
c_191,2359,18576
c_1910,2258,17217
c_1911,5080,38632
c_1912,905,7326
c_1913,4569,35412
c_1914,5739,44259
c_1915,6126,47211
c_1916,3280,25203
c_1917,4511,35091
c_1918,3940,31170
c_1919,2684,20811
c_192,386,3267
c_1920,630,5121
c_1921,5859,45200
c_1922,4315,33059
c_1923,1271,10093
c_1924,943,7369
c_1925,2695,20575
c_1926,6358,48937
c_1927,1363,10706
c_1928,3504,26971
c_1929,1352,10737
c_193,4001,30364
c_1930,1998,15516
c_1931,1573,11963
c_1932,3889,30041
c_1933,2139,16756
c_1934,6387,48247
c_1935,6410,48788
c_1936,2522,20527
c_1937,3577,27750
c_1938,4991,38230
c_1939,5002,38404
c_194,2276,18063
c_1940,4444,33741
c_1941,5254,39900
c_1942,2103,16293
c_1943,847,7142
c_1944,3675,28559
c_1945,1005,7800
c_1946,4823,38033
c_1947,227,1731
c_1948,89,720
c_1949,4360,33844
c_195,2282,18247
c_1950,3198,25000
c_1951,3594,27876
c_1952,6056,46803
c_1953,4903,37588
c_1954,1951,15073
c_1955,61,429
c_1956,6445,48903
c_1957,566,4421
c_1958,3541,27254
c_1959,4954,38499
c_196,4211,32346
c_1960,4385,34572
c_1961,4617,35373
c_1962,530,4037
c_1963,101,788
c_1964,6363,48997
c_1965,2786,21995
c_1966,6003,45964
c_1967,54,410
c_1968,2822,21359
c_1969,5867,44220
c_197,1622,12692
c_1970,1091,8148
c_1971,4572,35249
c_1972,2160,17294
c_1973,2751,20981
c_1974,2857,22000
c_1975,1353,11007
c_1976,4153,32054
c_1977,792,6506
c_1978,4302,33388
c_1979,1347,10728
c_198,2804,21644
c_1980,3893,29554
c_1981,3253,25136
c_1982,2884,22425
c_1983,1482,11616
c_1984,2255,17455
c_1985,6264,48137
c_1986,2711,20483
c_1987,4564,35326
c_1988,3979,30917
c_1989,477,3608
c_199,2228,17340
c_1990,3662,28333
c_1991,2048,15830
c_1992,1638,12391
c_1993,3588,27644
c_1994,1741,13075
c_1995,398,2955
c_1996,3855,29544
c_1997,5849,44762
c_1998,6079,46564
c_1999,1287,10352
c_2,233,1735
c_20,324,2707
c_200,3894,30153
c_2000,4585,34937
c_2001,2121,16201
c_2002,2807,21550
c_2003,5823,44873
c_2004,910,7069
c_2005,467,3502
c_2006,6301,48058
c_2007,5466,42379
c_2008,3920,30493
c_2009,1026,7719
c_201,2322,18302
c_2010,3153,24417
c_2011,2199,16877
c_2012,6115,47195
c_2013,4166,32551
c_2014,754,6008
c_2015,5688,43556
c_2016,691,5909
c_2017,4822,37028
c_2018,2948,22711
c_2019,218,1717
c_202,1226,9254
c_2020,2623,19851
c_2021,4428,34150
c_2022,2640,20729
c_2023,3230,25113
c_2024,3029,23660
c_2025,1581,12477
c_2026,1708,13127
c_2027,1036,8333
c_2028,1105,8522
c_2029,1543,11736
c_203,952,7251
c_2030,4589,35470
c_2031,2999,22737
c_2032,2813,22124
c_2033,1845,14182
c_2034,6212,47713
c_2035,2864,21607
c_2036,2050,15700
c_2037,789,6323
c_2038,5270,40592
c_2039,2514,20036
c_204,330,2612
c_2040,4486,34024
c_2041,5259,40471
c_2042,2318,17990
c_2043,6292,47645
c_2044,1378,10810
c_2045,525,4207
c_2046,2692,20694
c_2047,1127,8917
c_2048,3086,24073
c_2049,1626,12620
c_205,3142,23845
c_2050,3432,26992
c_2051,3724,28573
c_2052,4907,38150
c_2053,3381,26479
c_2054,2931,22706
c_2055,701,5531
c_2056,6214,46718
c_2057,6153,46657
c_2058,1931,15156
c_2059,2844,21864
c_206,1164,8966
c_2060,5082,39268
c_2061,2043,15600
c_2062,4836,37061
c_2063,6514,49174
c_2064,3353,26128
c_2065,111,872
c_2066,1794,14460
c_2067,6457,48827
c_2068,4975,38106
c_2069,4008,30809
c_207,1316,10254
c_2070,2078,16082
c_2071,829,6350
c_2072,3954,30187
c_2073,5235,40301
c_2074,4564,35593
c_2075,1565,12211
c_2076,264,1964
c_2077,451,3618
c_2078,5359,40815
c_2079,1269,9775
c_208,5045,38508
c_2080,922,7840
c_2081,1026,8117
c_2082,135,1038
c_2083,199,1591
c_2084,3604,27620
c_2085,2493,19219
c_2086,6290,48020
c_2087,4246,32460
c_2088,2349,18179
c_2089,73,638
c_209,5547,42297
c_2090,3766,29032
c_2091,5640,43602
c_2092,6035,45809
c_2093,49,367
c_2094,2792,21688
c_2095,911,7108
c_2096,6373,48666
c_2097,2046,15711
c_2098,385,2982
c_2099,5872,44856
c_21,4750,37005
c_210,5974,45358
c_2100,5483,42239
c_2101,3082,24090
c_2102,1440,11457
c_2103,941,7549
c_2104,1381,10579
c_2105,4297,33021
c_2106,2337,17770
c_2107,5843,44580
c_2108,1401,11470
c_2109,181,1465
c_211,5278,40373
c_2110,2167,17032
c_2111,2177,16732
c_2112,6428,48887
c_2113,2918,22295
c_2114,1825,14137
c_2115,3579,27622
c_2116,3610,28358
c_2117,3336,25809
c_2118,4231,32619
c_2119,3932,30423
c_212,1101,8705
c_2120,4188,32251
c_2121,2855,22166
c_2122,2581,19270
c_2123,1667,13182
c_2124,4931,37835
c_2125,4572,35148
c_2126,6246,48036
c_2127,507,4066
c_2128,5888,45479
c_2129,5818,44451
c_213,6073,46357
c_2130,6314,48070
c_2131,5951,45668
c_2132,5096,39091
c_2133,3717,28803
c_2134,3089,23948
c_2135,272,2127
c_2136,1530,11830
c_2137,1807,13961
c_2138,413,3179
c_2139,4300,33335
c_214,675,5315
c_2140,5229,40027
c_2141,5628,43243
c_2142,1716,13566
c_2143,3875,30149
c_2144,5706,43504
c_2145,3394,26099
c_2146,2370,18672
c_2147,635,5026
c_2148,5355,41414
c_2149,1447,11132
c_215,737,5663
c_2150,2532,19523
c_2151,2119,16078
c_2152,309,2269
c_2153,2836,21752
c_2154,6359,48931
c_2155,2706,21261
c_2156,828,6671
c_2157,3192,25238
c_2158,2356,18481
c_2159,2806,21549
c_216,1739,13394
c_2160,2735,21306
c_2161,504,3849
c_2162,302,2318
c_2163,2996,23497
c_2164,1001,7779
c_2165,2217,17757
c_2166,2882,22554
c_2167,295,2442
c_2168,3031,23687
c_2169,2411,18778
c_217,681,5170
c_2170,2439,18859
c_2171,4747,36335
c_2172,1303,9693
c_2173,2144,16897
c_2174,1662,13202
c_2175,449,3364
c_2176,4795,37315
c_2177,1576,12248
c_2178,699,5226
c_2179,4244,32871
c_218,994,7731
c_2180,5272,40216
c_2181,2984,22673
c_2182,4948,38523
c_2183,5649,43066
c_2184,6255,48523
c_2185,4332,34018
c_2186,4168,32341
c_2187,903,7334
c_2188,2185,17360
c_2189,4031,31117
c_219,4694,36481
c_2190,4971,39363
c_2191,5477,41972
c_2192,4197,32901
c_2193,2410,18909
c_2194,5186,39781
c_2195,6450,48574
c_2196,10,130
c_2197,884,7217
c_2198,5558,41662
c_2199,4025,31908
c_22,1775,13500
c_220,1834,14370
c_2200,3196,24605
c_2201,1299,9813
c_2202,1414,10845
c_2203,582,4430
c_2204,4606,35415
c_2205,4941,37315
c_2206,1801,13877
c_2207,4191,32816
c_2208,5342,40775
c_2209,3419,26120
c_221,5584,43160
c_2210,1223,9723
c_2211,3795,29715
c_2212,685,5664
c_2213,5779,44295
c_2214,2370,18043
c_2215,1760,13562
c_2216,4138,31696
c_2217,5049,39143
c_2218,5267,40651
c_2219,151,1005
c_222,1399,10567
c_2220,2013,15784
c_2221,5845,45498
c_2222,6300,47926
c_2223,4251,32933
c_2224,5744,43925
c_2225,4899,38054
c_2226,4221,32936
c_2227,4605,35664
c_2228,4315,33477
c_2229,2958,23224
c_223,4874,37182
c_2230,5080,38609
c_2231,1518,11709
c_2232,6044,46903
c_2233,2618,20698
c_2234,2425,18628
c_2235,1211,9786
c_2236,2561,19607
c_2237,4910,38558
c_2238,2143,16701
c_2239,3093,24905
c_224,4493,34526
c_2240,5170,40311
c_2241,2818,22188
c_2242,4216,33014
c_2243,5171,40309
c_2244,4192,31511
c_2245,5877,45384
c_2246,6280,48122
c_2247,3960,30839
c_2248,3190,24237
c_2249,2143,16030
c_225,2282,17956
c_2250,4774,37147
c_2251,3200,24389
c_2252,1287,9834
c_2253,3950,30954
c_2254,3781,29721
c_2255,3130,23736
c_2256,1412,10994
c_2257,678,5281
c_2258,1668,12780
c_2259,4760,36664
c_226,5522,41670
c_2260,5853,44638
c_2261,875,6813
c_2262,4273,32990
c_2263,149,1202
c_2264,4838,37176
c_2265,5078,39012
c_2266,2368,18384
c_2267,4945,37968
c_2268,4490,33884
c_2269,4641,35295
c_227,4715,36202
c_2270,224,1557
c_2271,1255,9781
c_2272,5133,39163
c_2273,6054,46367
c_2274,3584,27631
c_2275,2340,17523
c_2276,1053,7917
c_2277,5231,40406
c_2278,4967,37787
c_2279,3887,29782
c_228,4132,31464
c_2280,3799,29523
c_2281,2039,16129
c_2282,3903,30398
c_2283,4137,32308
c_2284,385,3133
c_2285,5185,39806
c_2286,2904,22307
c_2287,4539,34844
c_2288,1127,9049
c_2289,3521,27484
c_229,5842,45079
c_2290,959,7503
c_2291,4389,33430
c_2292,947,7629
c_2293,3074,24480
c_2294,514,4010
c_2295,6290,48166
c_2296,850,6523
c_2297,5355,41572
c_2298,4128,31874
c_2299,2182,17129
c_23,3758,29358
c_230,1516,11721
c_2300,1696,13086
c_2301,4080,30771
c_2302,364,2802
c_2303,6151,47182
c_2304,225,1613
c_2305,6528,48963
c_2306,84,754
c_2307,3205,25313
c_2308,1627,12807
c_2309,1831,13656
c_231,5897,45280
c_2310,2454,18761
c_2311,2259,18120
c_2312,4586,34780
c_2313,4745,36641
c_2314,6368,48308
c_2315,1057,8510
c_2316,1789,13843
c_2317,5489,42446
c_2318,5146,39181
c_2319,2200,16868
c_232,4053,31086
c_2320,4497,34007
c_2321,1899,14681
c_2322,488,3834
c_2323,4306,33372
c_2324,1758,13158
c_2325,6078,45934
c_2326,1261,9630
c_2327,4336,33837
c_2328,4296,33325
c_2329,107,839
c_233,1812,14114
c_2330,5565,42490
c_2331,3079,23905
c_2332,5263,40121
c_2333,2901,22039
c_2334,52,505
c_2335,1200,9162
c_2336,4870,37121
c_2337,3758,29431
c_2338,5016,38886
c_2339,4738,36532
c_234,5968,45882
c_2340,1928,14692
c_2341,336,2577
c_2342,2140,16550
c_2343,2663,20707
c_2344,4873,37836
c_2345,963,7779
c_2346,1747,14054
c_2347,5139,39600
c_2348,4313,33048
c_2349,1046,8351
c_235,3833,29371
c_2350,3998,30823
c_2351,575,4709
c_2352,4602,35132
c_2353,1034,8390
c_2354,4395,34262
c_2355,3158,23948
c_2356,5967,46192
c_2357,4914,37973
c_2358,5862,45185
c_2359,4581,34794
c_236,1198,9398
c_2360,605,4662
c_2361,2094,16623
c_2362,6007,45642
c_2363,6330,48041
c_2364,1171,9063
c_2365,4047,31091
c_2366,812,6267
c_2367,5079,39449
c_2368,1713,13542
c_2369,5644,42727
c_237,1453,11376
c_2370,5169,39782
c_2371,1198,9429
c_2372,239,1732
c_2373,5542,41886
c_2374,5786,43978
c_2375,95,759
c_2376,6021,46765
c_2377,5187,39243
c_2378,2196,17530
c_2379,1004,7892
c_238,1669,13097
c_2380,1230,9372
c_2381,2945,22883
c_2382,3516,27582
c_2383,627,5057
c_2384,4235,32522
c_2385,5404,42311
c_2386,4422,33729
c_2387,637,5087
c_2388,2266,17124
c_2389,3073,23868
c_239,4610,35074
c_2390,4390,33571
c_2391,2303,18270
c_2392,5473,41738
c_2393,4398,34281
c_2394,2092,15915
c_2395,4350,33749
c_2396,1790,13847
c_2397,3027,23452
c_2398,1761,13756
c_2399,2815,21875
c_24,1380,10580
c_240,3305,25558
c_2400,386,2935
c_2401,2958,22267
c_2402,2564,20654
c_2403,3529,27901
c_2404,5306,40812
c_2405,1709,13311
c_2406,5268,40312
c_2407,3007,23046
c_2408,5123,39124
c_2409,1546,11718
c_241,5398,41331
c_2410,2265,17918
c_2411,4876,37861
c_2412,5588,42134
c_2413,441,3510
c_2414,1686,13089
c_2415,2984,23022
c_2416,6401,48744
c_2417,3234,24821
c_2418,4148,32320
c_2419,3057,24432
c_242,6006,45823
c_2420,3909,29414
c_2421,2347,18141
c_2422,5389,40710
c_2423,2687,21149
c_2424,2253,16984
c_2425,763,6124
c_2426,6038,45450
c_2427,5808,44680
c_2428,1384,10834
c_2429,1013,8098
c_243,2095,16262
c_2430,867,6685
c_2431,5289,40244
c_2432,1727,13647
c_2433,2086,15984
c_2434,2667,20476
c_2435,2046,15592
c_2436,5544,42126
c_2437,3445,26754
c_2438,3240,24929
c_2439,2986,23504
c_244,5144,39243
c_2440,1662,13052
c_2441,1965,14889
c_2442,1601,12381
c_2443,969,7098
c_2444,1972,15274
c_2445,4415,33492
c_2446,4151,32485
c_2447,5014,38615
c_2448,22,169
c_2449,1726,13157
c_245,4045,31487
c_2450,5765,44379
c_2451,2231,17279
c_2452,2268,17916
c_2453,1432,11336
c_2454,186,1365
c_2455,4966,38418
c_2456,5878,44387
c_2457,3547,27550
c_2458,510,3877
c_2459,3667,28765
c_246,1637,12473
c_2460,4947,37705
c_2461,5575,42655
c_2462,6432,47973
c_2463,5765,44429
c_2464,1327,10339
c_2465,4858,37613
c_2466,573,4391
c_2467,6321,48714
c_2468,3422,26627
c_2469,2357,18684
c_247,1715,13219
c_2470,3769,28733
c_2471,6327,48441
c_2472,5575,42605
c_2473,3480,25955
c_2474,2808,21165
c_2475,1095,8991
c_2476,2180,17184
c_2477,4323,33861
c_2478,1309,9795
c_2479,474,3723
c_248,5117,39599
c_2480,5350,41231
c_2481,1667,12590
c_2482,3719,28303
c_2483,1042,7927
c_2484,4640,35305
c_2485,2998,23104
c_2486,3973,30814
c_2487,5136,40106
c_2488,4375,34158
c_2489,548,4295
c_249,5062,38584
c_2490,6363,48748
c_2491,3490,27655
c_2492,2334,18673
c_2493,5377,41348
c_2494,5209,39677
c_2495,1026,8081
c_2496,254,2167
c_2497,4009,31407
c_2498,1067,8351
c_2499,6169,46450
c_25,3985,30910
c_250,3614,28258
c_2500,4102,31909
c_2501,2004,15512
c_2502,3684,28322
c_2503,4508,35179
c_2504,4623,35038
c_2505,2865,22493
c_2506,579,4369
c_2507,3565,27467
c_2508,5625,43097
c_2509,5812,45263
c_251,3606,28050
c_2510,5840,45130
c_2511,6155,47062
c_2512,5405,41683
c_2513,4849,37431
c_2514,3900,30195
c_2515,1956,14709
c_2516,6397,49035
c_2517,3652,28614
c_2518,1005,8164
c_2519,4920,38335
c_252,4974,38401
c_2520,2960,22821
c_2521,1661,12765
c_2522,3641,28415
c_2523,6373,48369
c_2524,4415,34132
c_2525,3351,26011
c_2526,2979,22978
c_2527,6016,45814
c_2528,1563,12107
c_2529,405,2971
c_253,283,2338
c_2530,4673,36316
c_2531,5603,43091
c_2532,3820,29406
c_2533,1997,15777
c_2534,2526,19675
c_2535,5092,39370
c_2536,3860,29567
c_2537,2742,22267
c_2538,2424,18532
c_2539,2689,21194
c_254,2931,22800
c_2540,470,3811
c_2541,4095,31458
c_2542,5186,39980
c_2543,5384,41360
c_2544,2806,21966
c_2545,1626,12609
c_2546,4289,32901
c_2547,3620,28243
c_2548,2239,18047
c_2549,3219,24836
c_255,137,1093
c_2550,5711,43808
c_2551,655,5107
c_2552,1540,11977
c_2553,968,7419
c_2554,2187,16834
c_2555,4121,31513
c_2556,4494,34725
c_2557,2926,22825
c_2558,4168,32414
c_2559,6315,48087
c_256,1501,11708
c_2560,2988,23444
c_2561,4979,38296
c_2562,2044,15603
c_2563,3531,27389
c_2564,2410,19080
c_2565,1692,13076
c_2566,6170,47720
c_2567,2441,18843
c_2568,3337,25639
c_2569,1281,10072
c_257,1380,10396
c_2570,3633,27721
c_2571,181,1475
c_2572,663,5142
c_2573,1231,9423
c_2574,892,6989
c_2575,4340,33752
c_2576,2373,18496
c_2577,1486,11793
c_2578,4024,30808
c_2579,3944,30644
c_258,3517,27210
c_2580,1953,15001
c_2581,2645,20775
c_2582,2203,17141
c_2583,60,480
c_2584,1459,11190
c_2585,6167,46548
c_2586,2876,22648
c_2587,619,4521
c_2588,596,4596
c_2589,2929,22294
c_259,629,5059
c_2590,3463,26953
c_2591,2687,20936
c_2592,2194,16782
c_2593,3044,23641
c_2594,1665,12930
c_2595,1203,9577
c_2596,6375,49256
c_2597,5150,39691
c_2598,5435,41464
c_2599,4733,36346
c_26,58,388
c_260,296,2151
c_2600,3482,27155
c_2601,2028,15507
c_2602,5969,46493
c_2603,942,7321
c_2604,4629,35289
c_2605,5198,39776
c_2606,175,1431
c_2607,2423,18479
c_2608,4964,38409
c_2609,5424,41647
c_261,1375,10590
c_2610,2844,21963
c_2611,4070,31292
c_2612,3416,26273
c_2613,3706,28466
c_2614,2971,23368
c_2615,2584,20115
c_2616,3326,25419
c_2617,2214,17261
c_2618,226,1745
c_2619,4195,31940
c_262,1726,13058
c_2620,5544,41857
c_2621,5347,41086
c_2622,2806,21944
c_2623,4017,30987
c_2624,2379,18441
c_2625,3818,29471
c_2626,5629,43129
c_2627,2286,18097
c_2628,1303,9955
c_2629,1907,15236
c_263,5295,40976
c_2630,3673,28809
c_2631,2366,18476
c_2632,4961,38594
c_2633,4956,38082
c_2634,135,920
c_2635,458,3483
c_2636,25,225
c_2637,1436,10917
c_2638,2563,19849
c_2639,5484,41427
c_264,2828,21668
c_2640,5164,38925
c_2641,3990,31104
c_2642,5388,41468
c_2643,441,3470
c_2644,6351,48865
c_2645,6390,48283
c_2646,5367,40318
c_2647,2215,17386
c_2648,653,4889
c_2649,4633,35739
c_265,5407,41095
c_2650,2916,22344
c_2651,132,1105
c_2652,5343,41425
c_2653,5381,41662
c_2654,4779,36939
c_2655,2576,19788
c_2656,3605,27734
c_2657,5583,42957
c_2658,1492,11529
c_2659,3010,23350
c_266,3010,23432
c_2660,4009,31110
c_2661,1596,12552
c_2662,819,6648
c_2663,97,872
c_2664,4679,35915
c_2665,5015,38310
c_2666,1188,9669
c_2667,702,5416
c_2668,3531,27302
c_2669,101,805
c_267,6038,46641
c_2670,5777,44130
c_2671,911,7238
c_2672,3461,27143
c_2673,1194,9112
c_2674,56,409
c_2675,1432,11093
c_2676,4285,32741
c_2677,1527,12340
c_2678,3242,25260
c_2679,3527,27506
c_268,1753,13142
c_2680,3523,27525
c_2681,670,5445
c_2682,4214,32588
c_2683,4960,37504
c_2684,6395,49174
c_2685,2737,21841
c_2686,5856,44789
c_2687,2657,20875
c_2688,4828,37048
c_2689,985,7735
c_269,5973,45838
c_2690,5912,45502
c_2691,1370,10603
c_2692,336,2878
c_2693,2070,16196
c_2694,6391,48567
c_2695,2673,20971
c_2696,2337,18101
c_2697,1555,12319
c_2698,604,4452
c_2699,4679,36024
c_27,5984,45187
c_270,1724,13668
c_2700,5829,44859
c_2701,3896,30158
c_2702,2052,16229
c_2703,3515,27233
c_2704,5547,41769
c_2705,834,6516
c_2706,5138,39469
c_2707,2109,16124
c_2708,949,7612
c_2709,4345,33274
c_271,5825,44711
c_2710,1751,14036
c_2711,2287,18292
c_2712,4170,32026
c_2713,153,1204
c_2714,4569,35016
c_2715,1191,8884
c_2716,2476,18800
c_2717,5682,43375
c_2718,4256,32730
c_2719,3513,27447
c_272,5217,39546
c_2720,6388,48742
c_2721,5930,44671
c_2722,5866,44686
c_2723,4068,31597
c_2724,4005,31184
c_2725,3601,27376
c_2726,574,4528
c_2727,263,2021
c_2728,1265,10090
c_2729,2586,20270
c_273,4263,32689
c_2730,556,4278
c_2731,4915,38009
c_2732,4515,34953
c_2733,3046,23560
c_2734,5745,44535
c_2735,5994,45791
c_2736,6149,47101
c_2737,4698,35474
c_2738,343,2556
c_2739,1143,9052
c_274,772,6014
c_2740,917,7178
c_2741,1445,11302
c_2742,2463,18737
c_2743,5395,41555
c_2744,1894,14905
c_2745,2081,16271
c_2746,4246,32054
c_2747,1491,11674
c_2748,4625,35536
c_2749,1910,14784
c_275,5248,39939
c_2750,2031,16001
c_2751,6095,47029
c_2752,2919,22800
c_2753,128,1011
c_2754,5962,45134
c_2755,914,7022
c_2756,1790,13757
c_2757,3352,26093
c_2758,5746,44030
c_2759,858,6822
c_276,302,2374
c_2760,1338,10417
c_2761,5355,41361
c_2762,2288,17549
c_2763,3109,24369
c_2764,3722,28846
c_2765,2970,22965
c_2766,3363,25615
c_2767,661,5202
c_2768,5081,39250
c_2769,6412,48469
c_277,2664,20616
c_2770,5018,38374
c_2771,5073,39031
c_2772,1636,12990
c_2773,3596,27632
c_2774,3790,29037
c_2775,4895,38041
c_2776,4112,32144
c_2777,5678,43995
c_2778,2600,20076
c_2779,3879,29860
c_278,6048,45569
c_2780,2701,20599
c_2781,4876,38030
c_2782,453,3913
c_2783,1179,8650
c_2784,4453,34370
c_2785,4469,34400
c_2786,3999,30495
c_2787,917,7059
c_2788,783,6285
c_2789,5583,42116
c_279,2600,19977
c_2790,3668,28890
c_2791,5334,41170
c_2792,3623,28246
c_2793,2551,19648
c_2794,4693,35492
c_2795,2109,16066
c_2796,5467,42040
c_2797,668,5286
c_2798,541,4213
c_2799,2816,21976
c_28,2794,21978
c_280,280,2146
c_2800,3200,24284
c_2801,5258,40895
c_2802,3302,25359
c_2803,5437,41650
c_2804,3517,27175
c_2805,4148,31634
c_2806,1345,10310
c_2807,390,3231
c_2808,6301,47586
c_2809,2998,23262
c_281,139,1034
c_2810,3210,25508
c_2811,2153,16980
c_2812,2673,21057
c_2813,3696,28762
c_2814,4469,34623
c_2815,1489,11087
c_2816,5910,45256
c_2817,2562,19650
c_2818,3638,28010
c_2819,93,734
c_282,6466,48684
c_2820,1419,10943
c_2821,4776,36766
c_2822,2712,20829
c_2823,4421,34199
c_2824,3554,27155
c_2825,4936,37205
c_2826,257,2083
c_2827,511,4129
c_2828,3101,23693
c_2829,6119,46100
c_283,1389,11006
c_2830,2899,22505
c_2831,2530,19690
c_2832,3600,27992
c_2833,4290,33910
c_2834,2043,15822
c_2835,1299,10166
c_2836,5411,40755
c_2837,1960,15474
c_2838,3445,26648
c_2839,3613,27960
c_284,1604,12593
c_2840,5324,40831
c_2841,6312,47995
c_2842,3261,25301
c_2843,7,48
c_2844,4007,31178
c_2845,5087,38935
c_2846,521,4140
c_2847,1860,14600
c_2848,409,3297
c_2849,3746,28756
c_285,6472,48712
c_2850,680,5342
c_2851,3777,29327
c_2852,5222,39912
c_2853,1353,10516
c_2854,2275,18027
c_2855,4401,34233
c_2856,5833,45172
c_2857,1154,8881
c_2858,2373,18481
c_2859,1215,9515
c_286,3723,28835
c_2860,5555,42748
c_2861,1075,8588
c_2862,3614,28185
c_2863,5212,40201
c_2864,5830,44830
c_2865,4468,34992
c_2866,185,1429
c_2867,842,6494
c_2868,5516,42814
c_2869,2236,17807
c_287,5484,42904
c_2870,6194,47892
c_2871,3573,26894
c_2872,5484,42006
c_2873,267,2030
c_2874,3528,27351
c_2875,305,2182
c_2876,5817,44696
c_2877,3541,27587
c_2878,1404,11079
c_2879,6161,47011
c_288,2200,17216
c_2880,1945,15575
c_2881,178,1277
c_2882,5242,40586
c_2883,510,4176
c_2884,3744,28745
c_2885,5363,41778
c_2886,6280,48104
c_2887,5499,42179
c_2888,3072,23979
c_2889,394,3167
c_289,5106,39745
c_2890,2801,21518
c_2891,4290,32826
c_2892,5321,41039
c_2893,3945,30596
c_2894,503,3606
c_2895,2677,21047
c_2896,2319,17815
c_2897,4220,33114
c_2898,1751,13848
c_2899,2413,18205
c_29,3725,29029
c_290,199,1685
c_2900,5986,45644
c_2901,3875,29539
c_2902,6090,47347
c_2903,4987,37462
c_2904,393,2989
c_2905,2435,18924
c_2906,1649,12778
c_2907,4481,34555
c_2908,2214,17776
c_2909,6181,46935
c_291,3605,27920
c_2910,5135,39312
c_2911,4194,32837
c_2912,3997,30573
c_2913,2097,16127
c_2914,6093,46326
c_2915,4898,38138
c_2916,970,7623
c_2917,700,5582
c_2918,3245,25103
c_2919,1323,10398
c_292,4931,38187
c_2920,4642,35508
c_2921,2850,22159
c_2922,4356,33318
c_2923,2674,21118
c_2924,6080,47037
c_2925,4083,31220
c_2926,5552,42483
c_2927,281,2016
c_2928,5611,43402
c_2929,521,3889
c_293,4485,34301
c_2930,6311,48101
c_2931,3386,25872
c_2932,959,7591
c_2933,1862,14548
c_2934,1721,13148
c_2935,1570,12124
c_2936,4551,35004
c_2937,5072,38625
c_2938,718,5760
c_2939,5307,40698
c_294,1399,10819
c_2940,3163,24538
c_2941,2086,16224
c_2942,6415,48890
c_2943,5868,45361
c_2944,5415,41468
c_2945,3058,23325
c_2946,3610,28431
c_2947,3112,24503
c_2948,2756,21916
c_2949,4232,32445
c_295,2022,16379
c_2950,3351,26146
c_2951,6369,48796
c_2952,5733,43975
c_2953,2322,18564
c_2954,2770,21711
c_2955,4207,32292
c_2956,2255,17039
c_2957,4908,37937
c_2958,1551,11733
c_2959,234,1793
c_296,5129,38941
c_2960,1720,13338
c_2961,275,2250
c_2962,4098,31219
c_2963,6083,47060
c_2964,970,7691
c_2965,2276,17954
c_2966,4156,31719
c_2967,5431,41158
c_2968,2181,17164
c_2969,1158,9386
c_297,3491,27041
c_2970,5182,39427
c_2971,1272,9886
c_2972,943,7527
c_2973,6379,49000
c_2974,4978,38151
c_2975,4855,37569
c_2976,321,2520
c_2977,5873,45355
c_2978,3909,30092
c_2979,2843,22129
c_298,976,7214
c_2980,4265,33063
c_2981,2080,16323
c_2982,6165,46484
c_2983,4626,35389
c_2984,4584,34961
c_2985,2332,18373
c_2986,577,4715
c_2987,1240,9699
c_2988,530,4370
c_2989,1768,13420
c_299,6343,48121
c_2990,2950,22889
c_2991,5473,41975
c_2992,2763,21357
c_2993,6064,46466
c_2994,164,1204
c_2995,4108,31650
c_2996,1705,13213
c_2997,2649,20105
c_2998,3843,29605
c_2999,2396,18937
c_3,4904,38052
c_30,4926,38114
c_300,3732,28848
c_3000,5692,43078
c_3001,1777,13420
c_3002,5439,41944
c_3003,4955,38304
c_3004,4483,35373
c_3005,4149,32480
c_3006,2571,19851
c_3007,4598,35514
c_3008,1152,9090
c_3009,6120,46767
c_301,2156,16658
c_3010,1064,8188
c_3011,4510,34175
c_3012,1050,8470
c_3013,3668,28028
c_3014,1311,9892
c_3015,1348,10141
c_3016,2516,19901
c_3017,4541,35209
c_3018,1848,14266
c_3019,3323,26025
c_302,2880,22831
c_3020,73,589
c_3021,3618,27839
c_3022,6179,47560
c_3023,5227,40245
c_3024,51,399
c_3025,141,1127
c_3026,4617,35501
c_3027,3175,24920
c_3028,2087,16381
c_3029,2476,19453
c_303,4260,33000
c_3030,5822,44381
c_3031,4957,38105
c_3032,1831,14504
c_3033,4539,34716
c_3034,2604,20198
c_3035,6449,48453
c_3036,4826,37390
c_3037,2950,23153
c_3038,1410,11088
c_3039,3117,23956
c_304,5367,41292
c_3040,4925,38378
c_3041,6032,46091
c_3042,3340,26134
c_3043,1460,11393
c_3044,1297,10467
c_3045,290,2219
c_3046,2713,21024
c_3047,3932,30136
c_3048,4583,35245
c_3049,1560,11979
c_305,1892,14662
c_3050,5654,43931
c_3051,2515,19584
c_3052,5716,44293
c_3053,4175,31868
c_3054,3054,23261
c_3055,2086,15705
c_3056,2492,19188
c_3057,3410,26862
c_3058,6154,47130
c_3059,573,4358
c_306,4660,36305
c_3060,5582,42432
c_3061,37,296
c_3062,74,647
c_3063,122,1004
c_3064,3425,26074
c_3065,1685,12936
c_3066,2144,16119
c_3067,4554,35149
c_3068,979,7480
c_3069,1654,12880
c_307,3959,30478
c_3070,5079,38933
c_3071,5145,39485
c_3072,840,6530
c_3073,2594,20510
c_3074,4556,34170
c_3075,1399,10724
c_3076,2028,15774
c_3077,5870,45241
c_3078,2078,15902
c_3079,1472,11475
c_308,5489,42845
c_3080,6364,49027
c_3081,6352,48404
c_3082,4518,34511
c_3083,3408,27196
c_3084,5209,40399
c_3085,2169,17211
c_3086,5636,42925
c_3087,1911,14811
c_3088,2531,19422
c_3089,4468,33990
c_309,1916,14735
c_3090,1270,10055
c_3091,3575,27294
c_3092,6285,47472
c_3093,6001,46306
c_3094,944,7621
c_3095,805,6247
c_3096,1027,8006
c_3097,6225,47946
c_3098,6411,48986
c_3099,2280,17731
c_31,3221,24728
c_310,4824,36534
c_3100,1988,15605
c_3101,1783,14044
c_3102,3335,25383
c_3103,1831,14742
c_3104,668,5250
c_3105,5817,44203
c_3106,4499,34790
c_3107,3608,27690
c_3108,5508,43097
c_3109,1996,15972
c_311,6058,46337
c_3110,5413,42371
c_3111,6075,45780
c_3112,2501,19436
c_3113,901,6906
c_3114,6515,48922
c_3115,312,2261
c_3116,5868,45280
c_3117,4910,37829
c_3118,747,6081
c_3119,6352,48361
c_312,1331,10731
c_3120,2680,21009
c_3121,5153,39501
c_3122,2179,16759
c_3123,4195,32381
c_3124,1525,11881
c_3125,5096,39605
c_3126,4217,32877
c_3127,1896,14731
c_3128,3792,29458
c_3129,3556,27562
c_313,6174,48055
c_3130,2455,18957
c_3131,5959,45433
c_3132,2948,22830
c_3133,6027,46355
c_3134,6106,46790
c_3135,3053,23655
c_3136,1337,10194
c_3137,289,2172
c_3138,5379,40681
c_3139,1682,12966
c_314,1213,9579
c_3140,4965,37798
c_3141,3145,24604
c_3142,2433,18879
c_3143,2820,22105
c_3144,2627,19789
c_3145,5507,42614
c_3146,5913,45174
c_3147,639,4911
c_3148,1417,11240
c_3149,6119,47101
c_315,3309,25795
c_3150,457,3557
c_3151,1407,10677
c_3152,4194,32417
c_3153,123,1013
c_3154,321,2612
c_3155,4368,33482
c_3156,1279,9955
c_3157,3539,27854
c_3158,2129,16705
c_3159,747,5595
c_316,4737,36351
c_3160,4083,31589
c_3161,3874,29356
c_3162,1119,8859
c_3163,481,3562
c_3164,655,5271
c_3165,924,7123
c_3166,929,7199
c_3167,1712,13504
c_3168,3631,28554
c_3169,470,3533
c_317,4438,33929
c_3170,2425,19135
c_3171,1954,15489
c_3172,1322,10414
c_3173,452,3364
c_3174,2485,19644
c_3175,6260,47853
c_3176,60,515
c_3177,1610,13294
c_3178,2876,21860
c_3179,3804,29516
c_318,3336,26413
c_3180,1993,15422
c_3181,3725,28744
c_3182,165,1329
c_3183,3222,24790
c_3184,3377,26495
c_3185,3654,28100
c_3186,6023,45848
c_3187,6377,48863
c_3188,1687,12994
c_3189,5822,43859
c_319,2552,19465
c_3190,3404,26825
c_3191,2699,20689
c_3192,6046,46209
c_3193,6348,47806
c_3194,1433,11245
c_3195,3730,28561
c_3196,3381,26474
c_3197,2252,17441
c_3198,3198,24740
c_3199,2500,19435
c_32,3041,23532
c_320,5608,43092
c_3200,1940,15085
c_3201,430,3218
c_3202,6257,47859
c_3203,3107,24132
c_3204,1145,8604
c_3205,6390,48866
c_3206,5146,38950
c_3207,3681,28535
c_3208,3806,28723
c_3209,2040,16351
c_321,1318,10444
c_3210,6000,45658
c_3211,6093,46875
c_3212,293,2299
c_3213,688,5360
c_3214,3472,27407
c_3215,5565,41979
c_3216,770,6273
c_3217,1774,13279
c_3218,4221,32428
c_3219,365,2971
c_322,2166,16384
c_3220,4550,34805
c_3221,1342,10563
c_3222,6134,47985
c_3223,3125,24551
c_3224,1679,13360
c_3225,2805,21438
c_3226,4564,34947
c_3227,4538,34735
c_3228,4918,37618
c_3229,151,1131
c_323,1374,10508
c_3230,4683,35870
c_3231,6009,45535
c_3232,1082,8530
c_3233,4760,36654
c_3234,5532,42073
c_3235,5961,45473
c_3236,4353,32568
c_3237,6112,46464
c_3238,5561,42907
c_3239,3606,28514
c_324,1814,13963
c_3240,5478,42189
c_3241,4682,36219
c_3242,272,2083
c_3243,4318,33134
c_3244,2889,22355
c_3245,4585,34711
c_3246,3538,27223
c_3247,1919,14743
c_3248,400,3091
c_3249,3363,26380
c_325,3073,24091
c_3250,4730,37109
c_3251,5781,43904
c_3252,3459,26463
c_3253,2485,19488
c_3254,1192,9093
c_3255,1011,8004
c_3256,6384,48413
c_3257,5832,44928
c_3258,4307,32252
c_3259,576,4473
c_326,5021,38201
c_3260,3724,29049
c_3261,786,5934
c_3262,2685,21117
c_3263,3652,27734
c_3264,870,6899
c_3265,3454,27588
c_3266,454,3678
c_3267,3509,26862
c_3268,575,4521
c_3269,2470,19429
c_327,569,4501
c_3270,5383,41341
c_3271,5306,41503
c_3272,3898,29300
c_3273,3838,29754
c_3274,1069,8436
c_3275,5550,42565
c_3276,1105,8755
c_3277,5325,40748
c_3278,4779,36806
c_3279,4225,33298
c_328,3778,28528
c_3280,2760,21771
c_3281,5543,42560
c_3282,4900,37730
c_3283,2685,20858
c_3284,4894,37778
c_3285,1468,11328
c_3286,6122,46291
c_3287,3231,25009
c_3288,5216,39689
c_3289,4586,34962
c_329,2663,20857
c_3290,2753,21111
c_3291,771,6095
c_3292,6405,48993
c_3293,5642,43717
c_3294,1096,8702
c_3295,837,6702
c_3296,4256,32836
c_3297,2509,19001
c_3298,4252,32157
c_3299,847,6815
c_33,3031,23660
c_330,3492,26991
c_3300,1885,14441
c_3301,527,4328
c_3302,1227,9583
c_3303,2510,19560
c_3304,67,488
c_3305,547,4276
c_3306,4404,34331
c_3307,2531,19674
c_3308,1374,10569
c_3309,2872,21522
c_331,5922,46013
c_3310,6322,47456
c_3311,5003,37971
c_3312,613,4845
c_3313,3267,24955
c_3314,936,7291
c_3315,6165,47002
c_3316,3228,25320
c_3317,1960,15146
c_3318,2550,19936
c_3319,3115,24410
c_332,1051,7962
c_3320,3098,24071
c_3321,1757,14186
c_3322,5124,39305
c_3323,4660,35037
c_3324,3734,29459
c_3325,4193,32542
c_3326,4759,36375
c_3327,2418,19063
c_3328,2616,20770
c_3329,1220,9536
c_333,2648,19648
c_3330,5162,39710
c_3331,6221,47450
c_3332,941,7279
c_3333,196,1212
c_3334,1556,12332
c_3335,865,7098
c_3336,6208,47196
c_3337,4424,34522
c_3338,5643,43104
c_3339,780,6324
c_334,1119,8688
c_3340,3671,27853
c_3341,5953,45815
c_3342,2210,17488
c_3343,6361,48577
c_3344,2392,18666
c_3345,5116,39482
c_3346,6264,47820
c_3347,744,5902
c_3348,1458,11124
c_3349,23,181
c_335,6198,47386
c_3350,1852,14750
c_3351,787,5943
c_3352,4798,36804
c_3353,4636,35708
c_3354,4760,36598
c_3355,5471,42372
c_3356,2982,23382
c_3357,3068,23589
c_3358,4824,36998
c_3359,26,173
c_336,5683,44091
c_3360,2622,20316
c_3361,4019,31591
c_3362,4171,32145
c_3363,3871,29194
c_3364,5335,41270
c_3365,613,4948
c_3366,6065,46103
c_3367,4683,36392
c_3368,4021,30212
c_3369,3396,27034
c_337,387,3094
c_3370,3933,31018
c_3371,2749,21603
c_3372,1821,14658
c_3373,5377,41461
c_3374,3573,28301
c_3375,5812,44425
c_3376,1223,9233
c_3377,542,4183
c_3378,3512,26398
c_3379,3060,24190
c_338,5000,38461
c_3380,4346,33457
c_3381,3771,29523
c_3382,3670,28816
c_3383,5481,42626
c_3384,3601,28252
c_3385,781,6041
c_3386,2421,18828
c_3387,3954,30592
c_3388,1883,14903
c_3389,1487,11563
c_339,231,1758
c_3390,3052,24199
c_3391,1767,13861
c_3392,3381,26661
c_3393,5774,44418
c_3394,6214,46444
c_3395,4481,35039
c_3396,4468,34605
c_3397,981,7608
c_3398,4336,34032
c_3399,1365,10955
c_34,1701,13552
c_340,3171,24290
c_3400,5286,41093
c_3401,1894,14728
c_3402,5005,38676
c_3403,2521,19779
c_3404,329,2565
c_3405,5640,43191
c_3406,3944,30109
c_3407,5789,43868
c_3408,3388,26222
c_3409,3111,24509
c_341,361,3116
c_3410,5605,42961
c_3411,2111,16474
c_3412,5820,44782
c_3413,4051,31373
c_3414,944,7432
c_3415,5859,44854
c_3416,1660,13329
c_3417,2334,17955
c_3418,3344,25754
c_3419,1138,9044
c_342,2332,18043
c_3420,5843,44515
c_3421,2449,19023
c_3422,2756,21598
c_3423,3094,24323
c_3424,326,2706
c_3425,5614,43475
c_3426,979,7547
c_3427,4637,35038
c_3428,6263,47391
c_3429,4450,34754
c_343,3158,24081
c_3430,1275,9760
c_3431,3135,24048
c_3432,5847,44373
c_3433,2069,16076
c_3434,5768,44044
c_3435,4169,31994
c_3436,2083,15389
c_3437,281,1899
c_3438,3584,27940
c_3439,1472,11411
c_344,5184,40209
c_3440,1397,10879
c_3441,3212,24258
c_3442,6130,46469
c_3443,835,6930
c_3444,1453,11014
c_3445,3193,25104
c_3446,3103,24600
c_3447,5520,42656
c_3448,5635,43326
c_3449,1195,9653
c_345,11,84
c_3450,2573,20009
c_3451,3262,25318
c_3452,5439,41986
c_3453,3933,30080
c_3454,1440,11039
c_3455,6203,47507
c_3456,3021,22922
c_3457,304,2408
c_3458,3686,28770
c_3459,3051,23577
c_346,5352,41428
c_3460,1227,9418
c_3461,115,945
c_3462,2958,23594
c_3463,1820,13955
c_3464,4435,34273
c_3465,5397,41228
c_3466,5447,41666
c_3467,1434,11254
c_3468,2901,22552
c_3469,5172,39534
c_347,1443,11194
c_3470,1877,14896
c_3471,4221,32744
c_3472,5366,40727
c_3473,2959,23130
c_3474,885,6872
c_3475,6383,48278
c_3476,1735,13704
c_3477,3269,25059
c_3478,5240,40355
c_3479,1624,12807
c_348,4839,37609
c_3480,4611,35410
c_3481,2548,19990
c_3482,2735,20963
c_3483,3164,24106
c_3484,1221,9322
c_3485,3498,26844
c_3486,3140,24613
c_3487,5002,37953
c_3488,2529,20083
c_3489,3014,23473
c_349,2735,21304
c_3490,893,6712
c_3491,3734,28498
c_3492,766,6163
c_3493,4166,31667
c_3494,3527,26721
c_3495,859,7091
c_3496,2222,17380
c_3497,3543,27554
c_3498,1284,10309
c_3499,4263,32789
c_35,4616,35235
c_350,2924,22620
c_3500,800,6123
c_3501,266,1947
c_3502,1573,11674
c_3503,2576,19866
c_3504,4813,36582
c_3505,362,2632
c_3506,3307,26090
c_3507,907,7044
c_3508,4371,33997
c_3509,5025,38173
c_351,4409,34504
c_3510,5251,40912
c_3511,5255,39350
c_3512,4624,35931
c_3513,3195,25383
c_3514,3488,26998
c_3515,5734,43944
c_3516,4823,37703
c_3517,3606,27691
c_3518,4569,35602
c_3519,4299,32939
c_352,205,1608
c_3520,672,5651
c_3521,4304,33956
c_3522,6061,46577
c_3523,4445,34512
c_3524,6090,46418
c_3525,3540,27341
c_3526,5096,39400
c_3527,5648,43538
c_3528,5020,38058
c_3529,1235,9755
c_353,4308,32835
c_3530,1378,10706
c_3531,4015,30774
c_3532,1496,11876
c_3533,1886,14578
c_3534,847,6519
c_3535,4514,34206
c_3536,393,3106
c_3537,5964,45509
c_3538,4271,33133
c_3539,6299,48892
c_354,2941,23163
c_3540,3117,24064
c_3541,3436,26680
c_3542,4610,35897
c_3543,2927,22981
c_3544,1722,13260
c_3545,2596,20477
c_3546,5085,38781
c_3547,1144,8421
c_3548,3068,23626
c_3549,166,1199
c_355,2969,23343
c_3550,4792,37264
c_3551,2538,20182
c_3552,4527,35001
c_3553,842,6739
c_3554,3846,29366
c_3555,2776,21588
c_3556,1105,8222
c_3557,3440,26388
c_3558,3726,29004
c_3559,4635,35491
c_356,3324,25547
c_3560,5620,42694
c_3561,811,6367
c_3562,663,5516
c_3563,4267,32869
c_3564,5255,40784
c_3565,3379,26761
c_3566,5090,39379
c_3567,2894,22226
c_3568,2908,22056
c_3569,5098,39235
c_357,622,4705
c_3570,5170,39175
c_3571,4567,35394
c_3572,534,4177
c_3573,5203,39473
c_3574,621,4741
c_3575,4204,32387
c_3576,2755,21675
c_3577,6423,48544
c_3578,4092,30711
c_3579,5446,41466
c_358,4641,36012
c_3580,5004,38582
c_3581,6176,47083
c_3582,5343,40774
c_3583,2563,19821
c_3584,6304,48214
c_3585,471,3786
c_3586,3061,24333
c_3587,2176,17481
c_3588,5871,44666
c_3589,3298,25842
c_359,2560,19805
c_3590,4613,34870
c_3591,1565,12019
c_3592,2952,22825
c_3593,3171,24420
c_3594,3626,27916
c_3595,3313,25958
c_3596,6309,47129
c_3597,2573,19792
c_3598,1732,13528
c_3599,1908,14736
c_36,2610,20292
c_360,633,4988
c_3600,4290,33632
c_3601,5896,45707
c_3602,133,883
c_3603,3940,30890
c_3604,2636,20798
c_3605,2955,23118
c_3606,4400,33827
c_3607,1744,13311
c_3608,510,4029
c_3609,6301,49099
c_361,4829,36653
c_3610,3561,27983
c_3611,6237,47579
c_3612,2072,16460
c_3613,3823,28958
c_3614,4019,31074
c_3615,5999,46332
c_3616,5804,44238
c_3617,5025,38662
c_3618,3811,29408
c_3619,1463,11460
c_362,4344,34081
c_3620,2669,21650
c_3621,2494,19533
c_3622,1443,11161
c_3623,146,1149
c_3624,1701,12900
c_3625,5671,42732
c_3626,3719,29177
c_3627,4107,31524
c_3628,402,3016
c_3629,371,2897
c_363,5042,38873
c_3630,1216,9681
c_3631,469,3555
c_3632,1130,8828
c_3633,5339,41005
c_3634,4826,36445
c_3635,2576,19978
c_3636,3116,24286
c_3637,4713,36155
c_3638,3397,26304
c_3639,2902,22586
c_364,2206,17326
c_3640,804,6456
c_3641,4310,33473
c_3642,657,4966
c_3643,3787,28746
c_3644,5406,41892
c_3645,3912,30226
c_3646,2465,19284
c_3647,4825,36877
c_3648,220,1791
c_3649,1560,12120
c_365,2721,21032
c_3650,4639,36173
c_3651,2908,22703
c_3652,2429,18727
c_3653,1418,11380
c_3654,5402,41328
c_3655,3045,23113
c_3656,5792,44000
c_3657,772,6379
c_3658,4939,38314
c_3659,22,223
c_366,4966,37559
c_3660,3245,25095
c_3661,3486,27206
c_3662,3566,27451
c_3663,3349,25161
c_3664,2132,16342
c_3665,2152,16529
c_3666,5376,41478
c_3667,3964,30630
c_3668,2775,21658
c_3669,5917,45866
c_367,541,4181
c_3670,1380,10598
c_3671,4162,32369
c_3672,1314,10008
c_3673,5394,41207
c_3674,1528,12386
c_3675,4656,36008
c_3676,2543,19957
c_3677,6156,47159
c_3678,3419,26543
c_3679,2350,18471
c_368,5798,44970
c_3680,880,6638
c_3681,5751,44263
c_3682,5236,40322
c_3683,1702,12959
c_3684,2200,17325
c_3685,463,3533
c_3686,92,711
c_3687,3088,24025
c_3688,2542,19394
c_3689,4915,37695
c_369,24,174
c_3690,4046,30890
c_3691,6406,48881
c_3692,2451,18931
c_3693,688,5168
c_3694,5141,38863
c_3695,3932,30297
c_3696,1444,11475
c_3697,5361,41224
c_3698,660,5439
c_3699,3908,30935
c_37,1857,14856
c_370,1434,11138
c_3700,6330,47545
c_3701,2590,19813
c_3702,2384,18280
c_3703,4573,35089
c_3704,1697,13364
c_3705,5373,41888
c_3706,156,1181
c_3707,581,4862
c_3708,199,1434
c_3709,3544,27017
c_371,278,2095
c_3710,2447,18852
c_3711,5996,45561
c_3712,1878,14720
c_3713,1796,14246
c_3714,3701,28598
c_3715,4000,31161
c_3716,3017,23060
c_3717,373,3219
c_3718,5513,42300
c_3719,1688,13605
c_372,192,1432
c_3720,5746,44230
c_3721,1069,8712
c_3722,5034,38869
c_3723,2335,18241
c_3724,3465,26664
c_3725,4769,36846
c_3726,3236,24699
c_3727,5255,39766
c_3728,3014,23578
c_3729,1314,10022
c_373,2707,20421
c_3730,3143,24300
c_3731,4917,37640
c_3732,3028,23527
c_3733,5484,42134
c_3734,2547,19736
c_3735,2106,16611
c_3736,5399,41432
c_3737,266,1877
c_3738,3852,29375
c_3739,2515,19488
c_374,4806,36490
c_3740,3688,29416
c_3741,751,6054
c_3742,5072,39749
c_3743,1134,8392
c_3744,4052,31657
c_3745,2104,16534
c_3746,1430,11044
c_3747,720,5520
c_3748,2090,16219
c_3749,86,643
c_375,2737,20959
c_3750,3780,29684
c_3751,3509,26818
c_3752,6060,46203
c_3753,4783,36677
c_3754,4460,34484
c_3755,2312,18277
c_3756,1011,7647
c_3757,3733,28804
c_3758,965,7394
c_3759,5902,45138
c_376,5344,40847
c_3760,4042,30839
c_3761,5111,39133
c_3762,4536,35139
c_3763,696,5706
c_3764,1718,13439
c_3765,1375,10904
c_3766,278,2404
c_3767,5576,42408
c_3768,3576,27354
c_3769,5097,39107
c_377,5588,41935
c_3770,3330,25847
c_3771,2778,21330
c_3772,3080,23477
c_3773,4557,35273
c_3774,2788,21825
c_3775,2737,21282
c_3776,3986,30688
c_3777,1588,12482
c_3778,3675,28815
c_3779,2819,21967
c_378,554,4119
c_3780,6273,47350
c_3781,2055,16125
c_3782,6167,47317
c_3783,5811,45581
c_3784,4228,32338
c_3785,420,3275
c_3786,3456,26795
c_3787,2841,21258
c_3788,352,2549
c_3789,3540,27903
c_379,1382,10595
c_3790,915,7353
c_3791,3681,28376
c_3792,1348,11285
c_3793,2770,21692
c_3794,5767,44078
c_3795,2912,22671
c_3796,1997,15169
c_3797,3444,27402
c_3798,1514,12187
c_3799,3726,29146
c_38,1759,14132
c_380,6418,49031
c_3800,160,1195
c_3801,2075,15834
c_3802,361,2785
c_3803,3692,28868
c_3804,1310,10189
c_3805,3410,25748
c_3806,2904,22710
c_3807,3062,24329
c_3808,2110,16729
c_3809,5378,40923
c_381,3937,30889
c_3810,6286,48372
c_3811,878,6942
c_3812,630,4655
c_3813,3725,28571
c_3814,312,2483
c_3815,2991,23895
c_3816,2207,17162
c_3817,604,4613
c_3818,570,4489
c_3819,2641,21121
c_382,2720,21012
c_3820,4477,34741
c_3821,2993,23218
c_3822,264,2026
c_3823,6472,48886
c_3824,2936,22908
c_3825,4395,34164
c_3826,5635,42755
c_3827,444,3440
c_3828,3069,24173
c_3829,2187,17396
c_383,4229,32488
c_3830,39,268
c_3831,4597,35172
c_3832,2899,22564
c_3833,1984,15481
c_3834,4911,37521
c_3835,2474,18855
c_3836,4209,32069
c_3837,41,276
c_3838,3896,30362
c_3839,5645,43717
c_384,702,5518
c_3840,1146,9011
c_3841,4884,37943
c_3842,5421,41448
c_3843,989,8089
c_3844,4108,32173
c_3845,2768,21054
c_3846,6408,48694
c_3847,3385,26799
c_3848,3826,29652
c_3849,4838,36730
c_385,1208,9636
c_3850,4952,38187
c_3851,1358,10688
c_3852,4023,31398
c_3853,5440,41726
c_3854,850,6528
c_3855,3580,27743
c_3856,915,6903
c_3857,166,1114
c_3858,4397,33578
c_3859,484,3765
c_386,3856,30314
c_3860,3237,24784
c_3861,327,2581
c_3862,1381,10741
c_3863,3505,27224
c_3864,423,3279
c_3865,2189,16809
c_3866,1777,14068
c_3867,5913,44962
c_3868,97,731
c_3869,4380,34119
c_387,3961,30399
c_3870,2003,15379
c_3871,3149,24198
c_3872,2598,20053
c_3873,4448,34504
c_3874,4574,35239
c_3875,3880,29727
c_3876,764,6209
c_3877,4498,34772
c_3878,1333,10666
c_3879,2695,20623
c_388,1671,13429
c_3880,2732,20702
c_3881,2786,22534
c_3882,2502,19186
c_3883,2482,19653
c_3884,1428,11337
c_3885,676,5197
c_3886,2304,17774
c_3887,16,113
c_3888,3011,23390
c_3889,2544,19385
c_389,488,3603
c_3890,4528,34559
c_3891,5196,39553
c_3892,1115,8722
c_3893,3086,23906
c_3894,1861,14496
c_3895,2910,21686
c_3896,3477,26842
c_3897,6005,45779
c_3898,3022,23957
c_3899,3696,28806
c_39,1650,12863
c_390,2639,20536
c_3900,5379,41111
c_3901,5181,39919
c_3902,4722,36558
c_3903,1980,15755
c_3904,4860,36774
c_3905,5595,42746
c_3906,5542,42813
c_3907,6136,47051
c_3908,3869,29438
c_3909,1395,10792
c_391,4277,32589
c_3910,5242,40802
c_3911,1944,14939
c_3912,4581,35270
c_3913,3962,30075
c_3914,6421,48172
c_3915,2783,21340
c_3916,3861,30463
c_3917,1649,12793
c_3918,5799,44627
c_3919,4236,32668
c_392,1778,13744
c_3920,1116,8726
c_3921,853,7050
c_3922,5265,39715
c_3923,2384,17993
c_3924,4456,34245
c_3925,481,3702
c_3926,2626,20926
c_3927,5350,40460
c_3928,5173,39553
c_3929,4091,31334
c_393,4298,33790
c_3930,3206,23827
c_3931,1841,14497
c_3932,6183,47900
c_3933,2897,22644
c_3934,433,3195
c_3935,4271,33078
c_3936,2646,20838
c_3937,3306,26231
c_3938,4461,34449
c_3939,1265,10073
c_394,1060,8013
c_3940,2677,20489
c_3941,6262,47921
c_3942,6044,46661
c_3943,1972,15891
c_3944,6102,47280
c_3945,5618,42967
c_3946,3012,23435
c_3947,2457,19258
c_3948,1013,7907
c_3949,2767,20810
c_395,484,3851
c_3950,3550,27281
c_3951,461,3560
c_3952,5818,44778
c_3953,4409,34075
c_3954,64,555
c_3955,1492,11801
c_3956,4084,31443
c_3957,1063,8382
c_3958,1666,12708
c_3959,1753,13421
c_396,1401,10948
c_3960,2535,19537
c_3961,916,7737
c_3962,2808,21735
c_3963,4388,34434
c_3964,4901,37534
c_3965,2775,21374
c_3966,4703,35513
c_3967,1100,8342
c_3968,1966,15531
c_3969,5891,44679
c_397,1800,14405
c_3970,5106,39133
c_3971,3518,26930
c_3972,431,3407
c_3973,2610,19723
c_3974,3985,31037
c_3975,1324,10556
c_3976,1474,11786
c_3977,5922,44650
c_3978,985,7713
c_3979,284,2208
c_398,2656,20447
c_3980,11,123
c_3981,1345,10677
c_3982,4483,35239
c_3983,2399,19132
c_3984,663,5125
c_3985,2929,23010
c_3986,3924,29990
c_3987,959,7456
c_3988,5327,41137
c_3989,1431,11424
c_399,5183,40173
c_3990,1918,14539
c_3991,3081,23641
c_3992,4390,33788
c_3993,3650,28510
c_3994,1881,14408
c_3995,1910,14780
c_3996,5228,40486
c_3997,2699,21648
c_3998,5465,42208
c_3999,6059,46522
c_4,506,4201
c_40,141,1058
c_400,6401,48698
c_4000,5604,43125
c_4001,1521,11828
c_4002,5141,39485
c_4003,1886,14456
c_4004,616,4582
c_4005,2510,19379
c_4006,3594,28095
c_4007,1961,15739
c_4008,2894,22870
c_4009,1788,13991
c_401,928,7638
c_4010,4879,37644
c_4011,1746,13713
c_4012,2499,19500
c_4013,2906,22372
c_4014,2019,16064
c_4015,1842,14132
c_4016,4340,33030
c_4017,1617,12655
c_4018,2208,17226
c_4019,3597,27905
c_402,519,3993
c_4020,1063,8375
c_4021,2690,21315
c_4022,2718,20956
c_4023,6368,48479
c_4024,4918,37763
c_4025,6318,48597
c_4026,5156,39043
c_4027,569,4542
c_4028,4780,36595
c_4029,4793,36089
c_403,1067,8363
c_4030,333,2488
c_4031,3740,29033
c_4032,2262,17253
c_4033,4604,35260
c_4034,896,7096
c_4035,2308,18072
c_4036,4424,34717
c_4037,6100,47470
c_4038,5549,43035
c_4039,4982,37862
c_404,3407,26630
c_4040,1520,11850
c_4041,570,4503
c_4042,2560,20508
c_4043,4909,37707
c_4044,4987,38330
c_4045,1674,13381
c_4046,3805,29649
c_4047,4465,34470
c_4048,1062,8399
c_4049,3089,23674
c_405,5641,43743
c_4050,4511,35059
c_4051,6029,45704
c_4052,3303,25239
c_4053,5458,41280
c_4054,1106,8737
c_4055,2407,18885
c_4056,2034,15783
c_4057,1251,9819
c_4058,2725,20714
c_4059,2028,15870
c_406,4913,37650
c_4060,967,7470
c_4061,3070,23842
c_4062,3348,26069
c_4063,3365,25701
c_4064,942,7664
c_4065,1631,12683
c_4066,4486,34707
c_4067,2898,23098
c_4068,833,6641
c_4069,1982,15387
c_407,252,2010
c_4070,6187,46976
c_4071,946,7479
c_4072,3831,29900
c_4073,2229,17815
c_4074,5046,39261
c_4075,886,6855
c_4076,1345,10120
c_4077,666,5079
c_4078,1540,12339
c_4079,6278,48603
c_408,284,2084
c_4080,2347,17799
c_4081,4915,37748
c_4082,4163,31845
c_4083,3030,24076
c_4084,23,232
c_4085,1704,13516
c_4086,5374,40886
c_4087,1872,14881
c_4088,1163,8963
c_4089,5309,41152
c_409,4860,37235
c_4090,805,6373
c_4091,3896,29898
c_4092,2963,23082
c_4093,353,2907
c_4094,4982,38631
c_4095,1666,12777
c_4096,2534,19819
c_4097,942,7408
c_4098,4263,33135
c_4099,3126,24930
c_41,975,7796
c_410,2067,15999
c_4100,4757,36025
c_4101,5526,42517
c_4102,2192,17405
c_4103,4682,36114
c_4104,4395,34054
c_4105,3003,23027
c_4106,3693,28504
c_4107,2407,18317
c_4108,1186,9430
c_4109,4524,34273
c_411,255,1883
c_4110,4983,38835
c_4111,5437,42227
c_4112,2618,19940
c_4113,336,2674
c_4114,1209,9699
c_4115,1230,9564
c_4116,5187,39353
c_4117,1984,15104
c_4118,3950,30272
c_4119,3052,24245
c_412,4095,31774
c_4120,2378,18265
c_4121,6370,48215
c_4122,4349,33573
c_4123,2545,19437
c_4124,1100,8455
c_4125,2431,19215
c_4126,233,2003
c_4127,1876,15074
c_4128,6418,48675
c_4129,168,1302
c_413,5803,44697
c_4130,2033,15641
c_4131,110,947
c_4132,5505,41705
c_4133,3796,29280
c_4134,3896,29966
c_4135,684,5537
c_4136,3146,23587
c_4137,1249,9193
c_4138,2094,16167
c_4139,1419,11010
c_414,3041,23643
c_4140,3914,30216
c_4141,4114,31498
c_4142,4289,32746
c_4143,4438,33836
c_4144,1710,13142
c_4145,156,1146
c_4146,2633,21013
c_4147,1220,9485
c_4148,3236,24628
c_4149,3686,28916
c_415,6181,47135
c_4150,4485,34529
c_4151,5832,45324
c_4152,3860,29809
c_4153,4865,37655
c_4154,3154,23519
c_4155,2987,23055
c_4156,3926,29891
c_4157,6244,47669
c_4158,5606,42889
c_4159,3288,25596
c_416,2041,15367
c_4160,5206,40284
c_4161,4575,35833
c_4162,2710,21625
c_4163,2638,20356
c_4164,3469,26692
c_4165,1263,9835
c_4166,2392,18648
c_4167,4878,37872
c_4168,2604,20508
c_4169,918,6775
c_417,2611,20640
c_4170,1670,13233
c_4171,5758,44182
c_4172,80,655
c_4173,1071,8520
c_4174,6028,46276
c_4175,3987,30707
c_4176,1529,11732
c_4177,6028,45897
c_4178,3526,27903
c_4179,588,4478
c_418,3735,29175
c_4180,5670,43433
c_4181,2905,22298
c_4182,271,2189
c_4183,2270,17778
c_4184,6362,48039
c_4185,2766,21309
c_4186,6026,46265
c_4187,2117,16528
c_4188,4394,33972
c_4189,2827,21991
c_419,3410,26351
c_4190,2800,20871
c_4191,361,2850
c_4192,5945,44813
c_4193,1773,14088
c_4194,5670,43176
c_4195,4138,31937
c_4196,1553,12522
c_4197,5462,42114
c_4198,4062,30933
c_4199,2889,22491
c_42,82,713
c_420,1571,11770
c_4200,5391,41109
c_4201,4989,38478
c_4202,826,6517
c_4203,1711,13664
c_4204,1966,15456
c_4205,3352,26562
c_4206,640,5009
c_4207,2734,20627
c_4208,805,6194
c_4209,4249,32616
c_421,3671,29075
c_4210,226,1865
c_4211,5476,41526
c_4212,1826,14448
c_4213,1483,11630
c_4214,6022,46141
c_4215,4338,33705
c_4216,1458,11608
c_4217,5893,44861
c_4218,3259,24974
c_4219,2660,20939
c_422,3255,24911
c_4220,5290,40128
c_4221,4440,34451
c_4222,4916,38020
c_4223,4255,32340
c_4224,2471,18873
c_4225,2711,20902
c_4226,340,2658
c_4227,2812,21534
c_4228,3428,26536
c_4229,4268,32684
c_423,403,2891
c_4230,434,3660
c_4231,3343,25902
c_4232,848,6482
c_4233,3157,23878
c_4234,6280,47647
c_4235,2018,15719
c_4236,4503,34307
c_4237,1799,13838
c_4238,5398,42000
c_4239,3444,26604
c_424,6381,48938
c_4240,4658,36042
c_4241,5880,45120
c_4242,5663,43625
c_4243,3145,24437
c_4244,4360,34007
c_4245,3070,24035
c_4246,5790,44337
c_4247,2750,21560
c_4248,276,2163
c_4249,4753,36381
c_425,4968,37837
c_4250,1852,14665
c_4251,731,5581
c_4252,1794,14114
c_4253,1447,11222
c_4254,3184,24356
c_4255,1542,12285
c_4256,2306,18530
c_4257,4624,34714
c_4258,3774,29135
c_4259,5574,42640
c_426,1895,14569
c_4260,5012,38232
c_4261,6323,48694
c_4262,1969,15775
c_4263,4619,34788
c_4264,4968,38315
c_4265,625,4818
c_4266,1472,11714
c_4267,4839,36739
c_4268,4120,31846
c_4269,5872,44480
c_427,1824,14599
c_4270,6177,47463
c_4271,1255,9897
c_4272,224,1589
c_4273,4681,35739
c_4274,134,926
c_4275,6340,48416
c_4276,5709,43461
c_4277,1207,9534
c_4278,6196,47498
c_4279,2323,18167
c_428,2320,18067
c_4280,3262,25462
c_4281,6135,46925
c_4282,2568,19556
c_4283,6399,49070
c_4284,6250,47683
c_4285,3940,30475
c_4286,1119,8668
c_4287,6070,46413
c_4288,6326,48593
c_4289,3922,30098
c_429,2921,22790
c_4290,4391,34060
c_4291,5916,44834
c_4292,3033,23045
c_4293,2049,15940
c_4294,3998,30228
c_4295,5958,45422
c_4296,3853,28941
c_4297,2664,20882
c_4298,2859,21651
c_4299,3087,24085
c_43,858,6625
c_430,4177,32283
c_4300,3197,24839
c_4301,558,4238
c_4302,3733,28512
c_4303,5734,43875
c_4304,352,2760
c_4305,4847,37058
c_4306,1921,15312
c_4307,5972,45412
c_4308,1306,9921
c_4309,5360,40788
c_431,3109,24152
c_4310,1734,13767
c_4311,1012,7413
c_4312,4398,33604
c_4313,2592,20392
c_4314,3078,23309
c_4315,4559,34647
c_4316,4484,34200
c_4317,185,1487
c_4318,3871,30002
c_4319,2263,17697
c_432,2798,22514
c_4320,3160,23864
c_4321,5766,44198
c_4322,5513,41840
c_4323,2654,20916
c_4324,1381,10711
c_4325,2900,22213
c_4326,4665,35440
c_4327,6128,46813
c_4328,4047,31371
c_4329,5991,45961
c_433,1158,9081
c_4330,2156,17091
c_4331,3820,29713
c_4332,1923,14747
c_4333,1504,11633
c_4334,3454,26617
c_4335,5905,44728
c_4336,4482,34602
c_4337,1933,15169
c_4338,3369,26383
c_4339,761,5826
c_434,1195,9352
c_4340,3177,24050
c_4341,498,3937
c_4342,2509,19416
c_4343,1162,8846
c_4344,5366,41426
c_4345,5742,43547
c_4346,1020,7833
c_4347,4104,31821
c_4348,3569,27877
c_4349,304,2198
c_435,3418,26407
c_4350,2077,16125
c_4351,1995,15479
c_4352,5243,41010
c_4353,5418,41711
c_4354,740,5717
c_4355,2373,18172
c_4356,4539,34582
c_4357,4168,31706
c_4358,537,4308
c_4359,2846,21783
c_436,4907,37668
c_4360,3022,23687
c_4361,3120,24552
c_4362,5641,43893
c_4363,5625,43141
c_4364,3910,30234
c_4365,4770,36777
c_4366,5180,39656
c_4367,3669,28056
c_4368,1642,12740
c_4369,403,3406
c_437,1066,8513
c_4370,5613,43358
c_4371,6326,48423
c_4372,1330,10196
c_4373,3022,23661
c_4374,4410,35163
c_4375,5206,40139
c_4376,5850,44969
c_4377,27,181
c_4378,3589,27956
c_4379,1663,13271
c_438,5186,39787
c_4380,3445,27043
c_4381,3467,26547
c_4382,4877,37899
c_4383,4576,35128
c_4384,1028,8042
c_4385,1103,8825
c_4386,2816,22182
c_4387,5610,43190
c_4388,635,5103
c_4389,5636,43740
c_439,1456,11186
c_4390,2860,22251
c_4391,2269,17623
c_4392,6133,46845
c_4393,1085,8740
c_4394,4168,31378
c_4395,2088,16274
c_4396,4937,38391
c_4397,5645,43259
c_4398,2899,23349
c_4399,5929,44944
c_44,5305,40503
c_440,6179,47483
c_4400,5923,45626
c_4401,4853,36208
c_4402,3365,25777
c_4403,5192,39346
c_4404,2076,15833
c_4405,3158,24188
c_4406,4370,34027
c_4407,5298,40216
c_4408,5029,38366
c_4409,4643,35803
c_441,323,2639
c_4410,3448,27167
c_4411,4550,34993
c_4412,1529,12193
c_4413,3697,28086
c_4414,201,1654
c_4415,2650,20895
c_4416,3668,28715
c_4417,471,3754
c_4418,2629,20576
c_4419,5169,39563
c_442,5258,40652
c_4420,4850,37438
c_4421,2416,18670
c_4422,1133,8922
c_4423,5763,44393
c_4424,3763,28992
c_4425,5849,44883
c_4426,2577,19932
c_4427,6267,48344
c_4428,6213,47529
c_4429,5312,41213
c_443,3031,23512
c_4430,1194,9335
c_4431,2051,16271
c_4432,708,5438
c_4433,1905,14472
c_4434,974,7424
c_4435,3208,24483
c_4436,705,5752
c_4437,6340,48231
c_4438,1137,8935
c_4439,2572,19778
c_444,2693,21020
c_4440,3844,29855
c_4441,6483,49175
c_4442,2036,15959
c_4443,5804,44330
c_4444,2928,23340
c_4445,4423,34308
c_4446,1124,8680
c_4447,6281,48328
c_4448,4830,36856
c_4449,5253,40967
c_445,5730,43734
c_4450,2832,21990
c_4451,3135,24543
c_4452,5544,42462
c_4453,4049,31323
c_4454,1924,14603
c_4455,3473,26867
c_4456,1490,11779
c_4457,3876,30076
c_4458,1415,11094
c_4459,3795,29269
c_446,2398,18446
c_4460,2016,15891
c_4461,5782,44045
c_4462,435,3380
c_4463,3047,23357
c_4464,3925,29723
c_4465,605,4690
c_4466,2923,22982
c_4467,5415,40896
c_4468,6053,46074
c_4469,5636,42861
c_447,795,5934
c_4470,1971,15466
c_4471,4601,36187
c_4472,5641,43153
c_4473,2975,22644
c_4474,4542,35107
c_4475,5940,45933
c_4476,2026,16024
c_4477,4203,32633
c_4478,4765,37433
c_4479,3905,30762
c_448,3396,26357
c_4480,714,5635
c_4481,1148,9271
c_4482,5212,39923
c_4483,5585,42526
c_4484,4678,36349
c_4485,2868,22131
c_4486,5255,40857
c_4487,1954,15287
c_4488,1010,8168
c_4489,785,6171
c_449,4709,36065
c_4490,2738,20925
c_4491,3558,26998
c_4492,2966,23014
c_4493,3478,27196
c_4494,6189,47753
c_4495,4272,33030
c_4496,6414,48563
c_4497,822,6196
c_4498,4975,38832
c_4499,6164,47672
c_45,4635,35746
c_450,1394,11249
c_4500,5849,44651
c_4501,1919,14775
c_4502,1365,10334
c_4503,997,7905
c_4504,762,5765
c_4505,6155,47102
c_4506,4066,31686
c_4507,1178,8996
c_4508,4213,32396
c_4509,1668,12959
c_451,389,2858
c_4510,3580,27413
c_4511,3642,28305
c_4512,828,6517
c_4513,5111,38310
c_4514,5278,40126
c_4515,5343,41260
c_4516,2615,20208
c_4517,2206,17092
c_4518,2988,22655
c_4519,3488,26972
c_452,5527,42425
c_4520,526,4012
c_4521,5738,43233
c_4522,2099,16369
c_4523,4558,35067
c_4524,2518,19358
c_4525,4394,34016
c_4526,4311,33171
c_4527,5176,38552
c_4528,4017,31085
c_4529,4708,36458
c_453,4453,34539
c_4530,1681,12991
c_4531,2282,17824
c_4532,959,7330
c_4533,5451,41467
c_4534,4189,32532
c_4535,3372,26104
c_4536,2236,17476
c_4537,4249,33129
c_4538,2628,20104
c_4539,1173,8877
c_454,1527,11808
c_4540,1453,11589
c_4541,248,1903
c_4542,784,6006
c_4543,1599,13003
c_4544,6374,48673
c_4545,4011,31061
c_4546,5317,39993
c_4547,2205,16839
c_4548,4637,36355
c_4549,979,7594
c_455,73,515
c_4550,3116,23353
c_4551,3954,29969
c_4552,1374,10650
c_4553,1382,10896
c_4554,2606,20443
c_4555,991,7734
c_4556,3689,28162
c_4557,1596,12032
c_4558,1698,13233
c_4559,4391,33712
c_456,4276,32856
c_4560,1598,12792
c_4561,1063,8015
c_4562,6131,47085
c_4563,880,6769
c_4564,4071,31173
c_4565,639,4847
c_4566,6492,49064
c_4567,3737,28714
c_4568,2832,22305
c_4569,1741,13688
c_457,1389,10625
c_4570,4224,32674
c_4571,4927,38372
c_4572,4323,33159
c_4573,2281,18132
c_4574,4463,34974
c_4575,2707,20691
c_4576,5256,40319
c_4577,4055,31200
c_4578,849,6569
c_4579,3217,24911
c_458,2872,22554
c_4580,1411,11128
c_4581,3626,28260
c_4582,6087,46505
c_4583,6186,47179
c_4584,2197,16903
c_4585,5621,43035
c_4586,6288,47932
c_4587,6406,49163
c_4588,1778,14017
c_4589,5440,41710
c_459,4685,35428
c_4590,1912,15078
c_4591,1298,10386
c_4592,677,5443
c_4593,3810,29329
c_4594,4255,32675
c_4595,2535,19987
c_4596,1513,11604
c_4597,1852,14858
c_4598,1551,12207
c_4599,623,4944
c_46,6373,48849
c_460,1203,9230
c_4600,5150,40196
c_4601,2040,15836
c_4602,2829,22026
c_4603,4094,32150
c_4604,3850,29849
c_4605,4397,34231
c_4606,1237,9764
c_4607,81,599
c_4608,1764,14064
c_4609,644,4671
c_461,4401,33889
c_4610,6072,46325
c_4611,1908,14943
c_4612,2273,17593
c_4613,4433,34494
c_4614,1936,14960
c_4615,6283,48342
c_4616,3151,24145
c_4617,5856,44410
c_4618,3733,28734
c_4619,565,4370
c_462,983,7447
c_4620,3728,29067
c_4621,1385,10557
c_4622,1668,12980
c_4623,4208,32220
c_4624,3482,27132
c_4625,2909,22882
c_4626,4021,30935
c_4627,2914,22462
c_4628,5442,42578
c_4629,575,4379
c_463,224,1810
c_4630,3187,24464
c_4631,5454,41755
c_4632,4099,31197
c_4633,154,1181
c_4634,4189,31807
c_4635,5757,44302
c_4636,2947,22796
c_4637,4525,34820
c_4638,5098,39038
c_4639,1583,12146
c_464,5933,45684
c_4640,5485,41656
c_4641,5569,42822
c_4642,1505,11876
c_4643,4409,33865
c_4644,4357,33943
c_4645,3349,25579
c_4646,4615,35054
c_4647,6040,46080
c_4648,4945,37619
c_4649,2989,22938
c_465,4977,37680
c_4650,4684,36060
c_4651,6066,45983
c_4652,935,7672
c_4653,4675,36204
c_4654,4527,35268
c_4655,2882,21940
c_4656,5283,40945
c_4657,4109,32667
c_4658,4340,33182
c_4659,1040,8342
c_466,6055,46119
c_4660,1173,8631
c_4661,4523,35345
c_4662,2367,18481
c_4663,3543,28114
c_4664,2167,16813
c_4665,2974,22559
c_4666,4687,35970
c_4667,844,6580
c_4668,2992,23239
c_4669,1672,12810
c_467,5831,44843
c_4670,1155,8904
c_4671,4470,34244
c_4672,220,1708
c_4673,3069,24241
c_4674,2634,20031
c_4675,982,7913
c_4676,4530,34934
c_4677,22,157
c_4678,4995,38611
c_4679,1731,13961
c_468,2331,18219
c_4680,706,5142
c_4681,3717,28721
c_4682,5734,44115
c_4683,3656,28602
c_4684,2283,17543
c_4685,5546,41868
c_4686,2948,22918
c_4687,5584,42542
c_4688,2531,19331
c_4689,4028,31387
c_469,3116,23413
c_4690,4684,36084
c_4691,6462,48880
c_4692,5767,44538
c_4693,1136,8771
c_4694,4791,36957
c_4695,2299,17884
c_4696,3232,25101
c_4697,900,7312
c_4698,1316,10404
c_4699,1743,14128
c_47,1932,15077
c_470,4992,38411
c_4700,1753,13445
c_4701,2465,18724
c_4702,2898,22152
c_4703,6350,49123
c_4704,6384,48188
c_4705,3901,29396
c_4706,3989,30512
c_4707,2871,22649
c_4708,4863,37784
c_4709,3524,27512
c_471,782,6083
c_4710,4313,33104
c_4711,2827,21934
c_4712,1349,10875
c_4713,1670,12948
c_4714,3244,25449
c_4715,3552,27186
c_4716,4745,36424
c_4717,837,6730
c_4718,537,4305
c_4719,2139,16849
c_472,3045,24047
c_4720,3727,29055
c_4721,2186,17489
c_4722,5647,43607
c_4723,4462,34609
c_4724,3458,26575
c_4725,5350,40773
c_4726,77,666
c_4727,4445,34446
c_4728,4208,31781
c_4729,1888,15081
c_473,3233,25295
c_4730,3604,28387
c_4731,3980,30920
c_4732,291,2166
c_4733,202,1485
c_4734,6322,47871
c_4735,5637,42678
c_4736,4441,34788
c_4737,3981,30296
c_4738,1388,10989
c_4739,5901,45824
c_474,342,2632
c_4740,4019,31164
c_4741,6042,45976
c_4742,4339,33519
c_4743,4817,36527
c_4744,3577,27177
c_4745,5924,45128
c_4746,6323,48612
c_4747,6342,48536
c_4748,3477,26177
c_4749,4375,33701
c_475,4043,30914
c_4750,2531,19588
c_4751,513,4215
c_4752,4091,31516
c_4753,2267,17351
c_4754,3907,30578
c_4755,5403,41425
c_4756,1688,13432
c_4757,5293,40683
c_4758,5470,41781
c_4759,4663,35545
c_476,2330,18290
c_4760,3458,26807
c_4761,1214,9506
c_4762,6319,48804
c_4763,211,1534
c_4764,1427,10832
c_4765,4125,32090
c_4766,4736,35864
c_4767,5464,41544
c_4768,1582,12534
c_4769,4579,35124
c_477,2857,22192
c_4770,3299,25770
c_4771,4950,38189
c_4772,2208,17014
c_4773,2705,20603
c_4774,477,4070
c_4775,2966,23401
c_4776,1455,11418
c_4777,4112,31091
c_4778,2209,17949
c_4779,4500,34901
c_478,5610,42675
c_4780,5225,39626
c_4781,4987,39053
c_4782,3132,24476
c_4783,4149,31803
c_4784,1772,13998
c_4785,1185,8861
c_4786,6450,49182
c_4787,514,4120
c_4788,4106,32207
c_4789,5179,40234
c_479,5499,42418
c_4790,2133,16271
c_4791,5387,41404
c_4792,1443,11496
c_4793,2465,18520
c_4794,2037,15779
c_4795,1928,15035
c_4796,3349,25963
c_4797,3121,23902
c_4798,1570,12194
c_4799,6479,48787
c_48,3869,29697
c_480,2966,23433
c_4800,4691,36644
c_4801,4347,33647
c_4802,982,7742
c_4803,1969,15324
c_4804,5285,40560
c_4805,440,3676
c_4806,5003,37529
c_4807,4656,35459
c_4808,5885,44961
c_4809,2076,15870
c_481,566,4333
c_4810,1066,8304
c_4811,4108,32444
c_4812,6013,46460
c_4813,4575,35249
c_4814,4300,34002
c_4815,5930,44508
c_4816,3078,24001
c_4817,4825,37480
c_4818,5850,44618
c_4819,604,4395
c_482,5874,44430
c_4820,2221,17361
c_4821,697,5131
c_4822,548,4236
c_4823,2951,23122
c_4824,1402,10814
c_4825,2322,17971
c_4826,2268,17873
c_4827,28,259
c_4828,5537,42491
c_4829,4127,31636
c_483,610,4406
c_4830,4037,31175
c_4831,5335,40852
c_4832,5925,45796
c_4833,1731,13013
c_4834,1085,8562
c_4835,4313,34232
c_4836,6167,47165
c_4837,4159,32045
c_4838,4320,33473
c_4839,3880,29688
c_484,3635,28697
c_4840,4391,33339
c_4841,1959,14957
c_4842,3104,23908
c_4843,3775,29151
c_4844,2882,22484
c_4845,2346,19134
c_4846,4115,31352
c_4847,826,6455
c_4848,6067,47167
c_4849,1042,8032
c_485,5475,41954
c_4850,5319,40853
c_4851,3612,27870
c_4852,2938,22658
c_4853,1736,13814
c_4854,2542,19948
c_4855,1358,10508
c_4856,3398,26722
c_4857,3130,24145
c_4858,3903,30267
c_4859,2263,17427
c_486,3587,27584
c_4860,5208,39601
c_4861,729,5620
c_4862,5308,40653
c_4863,3961,30729
c_4864,2680,20405
c_4865,6286,47582
c_4866,2291,18013
c_4867,6332,48421
c_4868,6121,46624
c_4869,6145,47060
c_487,4338,33254
c_4870,4664,35618
c_4871,691,5431
c_4872,5994,46002
c_4873,3692,28836
c_4874,1943,14761
c_4875,6185,46638
c_4876,2496,19600
c_4877,3377,25657
c_4878,4096,31153
c_4879,5248,40355
c_488,5273,40094
c_4880,3187,25092
c_4881,513,3983
c_4882,1803,13806
c_4883,5830,44115
c_4884,4876,37295
c_4885,6311,47407
c_4886,4263,33029
c_4887,1152,8898
c_4888,3423,26380
c_4889,5038,38526
c_489,1767,13542
c_4890,2448,18813
c_4891,2647,20702
c_4892,1505,11409
c_4893,3031,23534
c_4894,3554,27544
c_4895,2201,17165
c_4896,639,5255
c_4897,6423,48717
c_4898,458,3659
c_4899,483,3962
c_49,3491,26649
c_490,2236,17538
c_4900,5690,43516
c_4901,2759,21683
c_4902,2661,20036
c_4903,3399,26599
c_4904,2329,17525
c_4905,2236,17562
c_4906,1356,10801
c_4907,119,1024
c_4908,23,174
c_4909,3129,24266
c_491,2133,16197
c_4910,1469,11706
c_4911,4558,35087
c_4912,3412,26295
c_4913,4043,31287
c_4914,4726,36619
c_4915,3550,27460
c_4916,2056,16086
c_4917,3567,27297
c_4918,4803,36326
c_4919,2311,18136
c_492,4688,36871
c_4920,2160,16843
c_4921,3644,28376
c_4922,888,6883
c_4923,3216,24585
c_4924,1261,9770
c_4925,527,4119
c_4926,4574,36235
c_4927,4343,33788
c_4928,5025,38111
c_4929,3845,29843
c_493,1157,8984
c_4930,5569,42336
c_4931,2089,16018
c_4932,5499,42445
c_4933,359,2766
c_4934,2637,20258
c_4935,3522,27583
c_4936,2216,17528
c_4937,721,5709
c_4938,3317,25221
c_4939,1727,13566
c_494,2146,16432
c_4940,416,3628
c_4941,5621,42249
c_4942,3208,25337
c_4943,3667,28325
c_4944,4616,35491
c_4945,3251,25071
c_4946,6261,47875
c_4947,2379,18342
c_4948,4250,33057
c_4949,4356,33563
c_495,3610,28093
c_4950,5291,40716
c_4951,3679,28196
c_4952,1887,14798
c_4953,5480,42474
c_4954,5327,40873
c_4955,6134,45877
c_4956,550,4469
c_4957,3646,27952
c_4958,6189,47680
c_4959,3998,30822
c_496,1594,12399
c_4960,2467,19301
c_4961,5390,41216
c_4962,1916,15381
c_4963,4806,37135
c_4964,5742,44349
c_4965,743,5419
c_4966,487,3823
c_4967,3914,30868
c_4968,4838,36881
c_4969,3126,24235
c_497,1634,12385
c_4970,3890,29849
c_4971,5366,41511
c_4972,332,2503
c_4973,5417,41221
c_4974,4362,33533
c_4975,6151,47708
c_4976,89,752
c_4977,1593,12197
c_4978,4157,31709
c_4979,5320,40874
c_498,5320,41359
c_4980,2894,22548
c_4981,303,2361
c_4982,3555,27841
c_4983,36,325
c_4984,1108,8571
c_4985,2440,18896
c_4986,3329,25879
c_4987,4529,34669
c_4988,1661,13308
c_4989,5539,42181
c_499,2418,19026
c_4990,2626,20372
c_4991,1088,8499
c_4992,2920,21910
c_4993,2175,16730
c_4994,74,596
c_4995,329,2488
c_4996,5279,40240
c_4997,4112,31741
c_4998,2653,20737
c_4999,5049,38230
c_5,3474,27099
c_50,754,6116
c_500,4530,35118
c_5000,627,4915
c_501,4191,32733
c_502,3725,28816
c_503,4426,34623
c_504,2015,15703
c_505,5625,42814
c_506,5293,40558
c_507,962,7663
c_508,5217,39834
c_509,1645,12695
c_51,4665,35894
c_510,2961,22474
c_511,4111,31613
c_512,3571,27534
c_513,3281,25787
c_514,5476,41994
c_515,5562,42496
c_516,5036,38766
c_517,3210,25223
c_518,5876,45053
c_519,3484,26519
c_52,2624,19733
c_520,2862,22224
c_521,4606,35529
c_522,5554,42525
c_523,4444,33630
c_524,4159,32579
c_525,6290,47739
c_526,2985,22937
c_527,26,203
c_528,4310,32637
c_529,3226,25536
c_53,3683,28570
c_530,876,6816
c_531,1532,11855
c_532,2695,20561
c_533,3191,24887
c_534,2374,18568
c_535,2851,22001
c_536,4193,32981
c_537,5417,41428
c_538,935,7162
c_539,426,3461
c_54,1073,8258
c_540,1362,10476
c_541,2152,17063
c_542,3590,27712
c_543,3965,30353
c_544,213,1640
c_545,5972,45992
c_546,5797,44862
c_547,857,6641
c_548,2587,20060
c_549,3203,24884
c_55,1322,10328
c_550,3528,27052
c_551,5020,37887
c_552,4186,32509
c_553,6035,46512
c_554,4002,31094
c_555,608,4798
c_556,409,3332
c_557,4206,33030
c_558,3142,24583
c_559,5707,43220
c_56,4029,30733
c_560,1910,14674
c_561,157,1083
c_562,633,4520
c_563,4602,35437
c_564,2616,20678
c_565,141,1039
c_566,310,2333
c_567,4252,32434
c_568,595,4916
c_569,734,5849
c_57,2540,19892
c_570,2567,20088
c_571,3419,26736
c_572,4012,31414
c_573,5105,39511
c_574,3871,29764
c_575,1333,10069
c_576,2014,15809
c_577,237,1676
c_578,1172,8818
c_579,5869,44897
c_58,2211,16955
c_580,3256,25023
c_581,5295,40927
c_582,674,5502
c_583,2585,19798
c_584,4680,36148
c_585,189,1500
c_586,944,7321
c_587,5558,42704
c_588,5984,45956
c_589,2485,18832
c_59,3377,26382
c_590,5113,39311
c_591,2924,22270
c_592,5026,38357
c_593,3872,30438
c_594,5176,39978
c_595,2953,23587
c_596,3189,25054
c_597,3107,24055
c_598,5874,45181
c_599,5051,39499
c_6,837,6555
c_60,3335,26030
c_600,5102,39593
c_601,2640,20480
c_602,3004,22535
c_603,5038,38596
c_604,6266,47891
c_605,2123,16515
c_606,4159,31470
c_607,1382,10931
c_608,3556,27627
c_609,6016,46405
c_61,4488,34340
c_610,4094,31978
c_611,3440,26793
c_612,605,4836
c_613,158,1296
c_614,3563,26575
c_615,3277,24685
c_616,1494,11459
c_617,4002,31093
c_618,957,7450
c_619,448,3455
c_62,1103,8635
c_620,1435,11240
c_621,531,4216
c_622,1635,12780
c_623,4292,32766
c_624,3190,24904
c_625,136,1014
c_626,4141,32645
c_627,811,6533
c_628,6031,45623
c_629,4298,33799
c_63,2883,22500
c_630,3288,25783
c_631,2449,18550
c_632,2727,20843
c_633,3706,28941
c_634,2975,23386
c_635,1324,10810
c_636,1899,14805
c_637,1682,12936
c_638,4364,33333
c_639,5618,42780
c_64,3949,30586
c_640,163,1238
c_641,3933,31008
c_642,4063,31272
c_643,6327,48692
c_644,2404,18523
c_645,3722,29199
c_646,1460,11442
c_647,4731,36893
c_648,1588,12510
c_649,2128,16621
c_65,636,4857
c_650,3448,26607
c_651,6147,46927
c_652,4193,32736
c_653,3780,28745
c_654,4149,32094
c_655,1350,10538
c_656,1919,14890
c_657,5259,40108
c_658,2913,23011
c_659,663,5131
c_66,5524,42164
c_660,3405,25782
c_661,4014,31295
c_662,5037,38609
c_663,5377,40644
c_664,4532,35276
c_665,5942,45213
c_666,1203,9155
c_667,2630,20654
c_668,4346,32735
c_669,3682,28626
c_67,603,4822
c_670,2214,17233
c_671,3303,25159
c_672,2298,18166
c_673,4767,36670
c_674,5507,41774
c_675,146,912
c_676,2125,16860
c_677,3637,28277
c_678,2474,18771
c_679,2197,17397
c_68,4930,38276
c_680,4113,31985
c_681,2250,17244
c_682,6021,45888
c_683,3490,26215
c_684,6371,49101
c_685,1245,9506
c_686,4839,37539
c_687,6339,48144
c_688,2932,22841
c_689,4110,32022
c_69,1190,9495
c_690,3905,30049
c_691,1512,12050
c_692,3020,23326
c_693,4909,38238
c_694,3344,26077
c_695,98,664
c_696,4819,37153
c_697,922,7237
c_698,5871,45406
c_699,2259,16912
c_7,5498,41911
c_70,1423,11146
c_700,4169,32699
c_701,5975,45930
c_702,4945,38541
c_703,325,2758
c_704,3876,30247
c_705,5811,44343
c_706,1065,8351
c_707,914,7098
c_708,1613,12565
c_709,6267,48201
c_71,5729,44143
c_710,4206,32394
c_711,841,6300
c_712,4456,34486
c_713,3954,30668
c_714,3519,26851
c_715,4017,31769
c_716,2798,20899
c_717,427,3321
c_718,3220,24944
c_719,4606,35301
c_72,4019,30912
c_720,6206,48015
c_721,3645,28184
c_722,1022,7834
c_723,6084,46184
c_724,595,4778
c_725,2089,16391
c_726,4374,33660
c_727,3582,28150
c_728,1061,8282
c_729,3992,30972
c_73,2043,16191
c_730,2070,16236
c_731,2267,17718
c_732,827,6290
c_733,5078,39075
c_734,5175,39559
c_735,1226,9500
c_736,1816,14064
c_737,5260,40324
c_738,2500,19752
c_739,269,1905
c_74,6062,46574
c_740,3104,24267
c_741,2260,17227
c_742,6239,47454
c_743,4454,34540
c_744,346,2744
c_745,6054,46499
c_746,4322,33472
c_747,1757,13503
c_748,6297,48345
c_749,3399,26216
c_75,5436,42210
c_750,2528,19561
c_751,6258,47624
c_752,1532,11173
c_753,2691,20921
c_754,535,4270
c_755,2772,21774
c_756,4110,31466
c_757,3861,29844
c_758,5160,39227
c_759,4674,35877
c_76,5024,38215
c_760,3166,24405
c_761,4077,30935
c_762,1326,10853
c_763,4035,30894
c_764,720,5707
c_765,5099,38859
c_766,4967,38027
c_767,2192,16941
c_768,5042,39136
c_769,6063,46082
c_77,3267,25111
c_770,1648,13075
c_771,1741,13484
c_772,929,7376
c_773,5501,41389
c_774,4318,33111
c_775,4767,36896
c_776,5626,42539
c_777,4406,33397
c_778,5939,45919
c_779,5591,42297
c_78,1385,10352
c_780,2700,20939
c_781,4979,37771
c_782,1302,9930
c_783,3344,25619
c_784,5882,44815
c_785,1739,13780
c_786,5891,45048
c_787,3156,24556
c_788,669,5187
c_789,267,2146
c_79,461,3312
c_790,1214,8899
c_791,4612,35050
c_792,2107,16247
c_793,1753,13338
c_794,1262,9708
c_795,506,4079
c_796,75,544
c_797,2731,21112
c_798,2671,20699
c_799,4078,31732
c_8,5892,45150
c_80,4893,37738
c_800,5301,40467
c_801,1871,14417
c_802,1566,12495
c_803,2047,15999
c_804,6082,46036
c_805,903,6874
c_806,1074,8545
c_807,2093,16057
c_808,4205,32656
c_809,6502,48820
c_81,2700,20525
c_810,5208,39625
c_811,2458,18839
c_812,2474,19440
c_813,5495,42635
c_814,5840,44456
c_815,1647,12675
c_816,3742,28592
c_817,3421,26461
c_818,2900,22469
c_819,3930,30777
c_82,1807,14254
c_820,616,4974
c_821,2484,19225
c_822,512,4182
c_823,1722,13245
c_824,3236,25926
c_825,2594,20051
c_826,5051,38579
c_827,5790,43709
c_828,6293,47708
c_829,2825,22242
c_83,3338,25408
c_830,5550,42663
c_831,2002,16035
c_832,5191,40097
c_833,5012,38556
c_834,2774,21676
c_835,2759,20938
c_836,2141,16276
c_837,1541,11969
c_838,1888,14997
c_839,3459,26895
c_84,768,6016
c_840,145,1316
c_841,1383,10711
c_842,2840,21377
c_843,2148,16879
c_844,5840,44151
c_845,938,7595
c_846,3863,29485
c_847,5382,40495
c_848,823,6701
c_849,1029,7799
c_85,886,6532
c_850,1263,9580
c_851,6244,48044
c_852,1550,12480
c_853,1270,10151
c_854,3280,25368
c_855,5401,41359
c_856,6046,45565
c_857,2905,22333
c_858,5503,42058
c_859,1597,12536
c_86,1235,9608
c_860,2978,23843
c_861,1255,9883
c_862,5465,41947
c_863,6137,46864
c_864,987,7404
c_865,229,1766
c_866,2381,18211
c_867,581,4619
c_868,2367,18547
c_869,3704,28490
c_87,551,4325
c_870,3344,26250
c_871,4402,33459
c_872,4954,37933
c_873,2681,20991
c_874,4327,33485
c_875,6379,48524
c_876,2626,21013
c_877,1430,11034
c_878,4579,34716
c_879,6404,48675
c_88,4644,35554
c_880,3514,27352
c_881,654,5361
c_882,4686,36507
c_883,5467,42429
c_884,978,7586
c_885,1196,9138
c_886,4309,33712
c_887,294,2288
c_888,5116,39712
c_889,2375,18658
c_89,1616,12941
c_890,1811,13919
c_891,3579,27512
c_892,1553,12238
c_893,3190,24500
c_894,5274,40227
c_895,3771,29112
c_896,5252,39882
c_897,1793,13761
c_898,4850,37911
c_899,5609,43949
c_9,1606,12401
c_90,2698,21499
c_900,4390,34172
c_901,872,6707
c_902,5484,41890
c_903,3504,27404
c_904,3318,25485
c_905,2523,19560
c_906,57,408
c_907,993,7770
c_908,328,2716
c_909,576,4785
c_91,712,5627
c_910,3582,27218
c_911,4075,31629
c_912,152,1253
c_913,5784,44429
c_914,5576,43527
c_915,5089,39206
c_916,5085,39064
c_917,5679,43819
c_918,2738,21344
c_919,5495,41553
c_92,573,4313
c_920,6150,47245
c_921,6047,46863
c_922,3574,27472
c_923,2201,16998
c_924,3497,26838
c_925,2568,19929
c_926,3265,25756
c_927,1139,8890
c_928,2751,21098
c_929,2077,16514
c_93,1546,11873
c_930,569,4943
c_931,3536,26760
c_932,865,6589
c_933,4967,37790
c_934,4967,38647
c_935,280,2029
c_936,227,1846
c_937,4414,33752
c_938,4410,33948
c_939,374,2923
c_94,1528,12039
c_940,2406,18490
c_941,4013,30992
c_942,2985,23003
c_943,3646,27812
c_944,4394,34334
c_945,5318,40671
c_946,1629,12411
c_947,4629,35128
c_948,5759,43994
c_949,4133,32028
c_95,1054,8347
c_950,3869,29730
c_951,38,361
c_952,2208,17415
c_953,6393,48938
c_954,2058,16217
c_955,747,5594
c_956,3289,25203
c_957,5655,43018
c_958,1932,14733
c_959,1040,7822
c_96,178,1396
c_960,6001,45938
c_961,4985,38328
c_962,6309,48852
c_963,3557,27407
c_964,4864,37876
c_965,6258,48042
c_966,3465,26213
c_967,4262,32986
c_968,3538,27396
c_969,1590,12128
c_97,6309,48229
c_970,4117,31591
c_971,8,70
c_972,1229,9480
c_973,260,2019
c_974,3067,23891
c_975,5650,43401
c_976,3214,24876
c_977,1472,11304
c_978,1999,15829
c_979,1680,13240
c_98,1157,8719
c_980,4319,33372
c_981,1817,14623
c_982,3911,30806
c_983,669,5358
c_984,10,79
c_985,4008,31479
c_986,5856,44441
c_987,2066,15887
c_988,3830,29463
c_989,855,6706
c_99,6274,48204
c_990,3653,28453
c_991,2115,16292
c_992,1815,14405
c_993,1778,13767
c_994,3995,31469
c_995,5859,44690
c_996,148,980
c_997,6429,48939
c_998,1752,13389
c_999,4223,33190
